"AGE","ISCED11","GEO","UNIT","SEX","TIME","Value","Flag and Footnotes"
"Total","Primary education","European Union - 28 countries","Number","Total","2014","2,065,241","d"
"Total","Primary education","European Union - 28 countries","Number","Total","2017","2,161,886","d"
"Total","Primary education","Belgium","Number","Total","2014","68,826","d"
"Total","Primary education","Belgium","Number","Total","2017","72,269",""
"Total","Primary education","Bulgaria","Number","Total","2014","14,596",""
"Total","Primary education","Bulgaria","Number","Total","2017","17,393",""
"Total","Primary education","Czechia","Number","Total","2014","27,339",""
"Total","Primary education","Czechia","Number","Total","2017","30,075",""
"Total","Primary education","Denmark","Number","Total","2014","43,537",""
"Total","Primary education","Denmark","Number","Total","2017",":","d"
"Total","Primary education","Germany (until 1990 former territory of the FRG)","Number","Total","2014","232,750",""
"Total","Primary education","Germany (until 1990 former territory of the FRG)","Number","Total","2017","240,170","d"
"Total","Primary education","Estonia","Number","Total","2014","6,771",""
"Total","Primary education","Estonia","Number","Total","2017","7,567",""
"Total","Primary education","Ireland","Number","Total","2014","32,828",""
"Total","Primary education","Ireland","Number","Total","2017","35,669",""
"Total","Primary education","Greece","Number","Total","2014","66,551",""
"Total","Primary education","Greece","Number","Total","2017","69,214",""
"Total","Primary education","Spain","Number","Total","2014","226,066",""
"Total","Primary education","Spain","Number","Total","2017","231,683",""
"Total","Primary education","France","Number","Total","2014","228,648",""
"Total","Primary education","France","Number","Total","2017","228,834",""
"Total","Primary education","Croatia","Number","Total","2014",":",""
"Total","Primary education","Croatia","Number","Total","2017","12,165","d"
"Total","Primary education","Italy","Number","Total","2014","237,214",""
"Total","Primary education","Italy","Number","Total","2017","252,806",""
"Total","Primary education","Cyprus","Number","Total","2014","3,967",""
"Total","Primary education","Cyprus","Number","Total","2017","4,640",""
"Total","Primary education","Latvia","Number","Total","2014","10,338",""
"Total","Primary education","Latvia","Number","Total","2017","10,532",""
"Total","Primary education","Lithuania","Number","Total","2014","8,441",""
"Total","Primary education","Lithuania","Number","Total","2017","8,425",""
"Total","Primary education","Luxembourg","Number","Total","2014","4,338",""
"Total","Primary education","Luxembourg","Number","Total","2017","4,745",""
"Total","Primary education","Hungary","Number","Total","2014","34,955",""
"Total","Primary education","Hungary","Number","Total","2017","36,726",""
"Total","Primary education","Malta","Number","Total","2014","1,799",""
"Total","Primary education","Malta","Number","Total","2017","1,994",""
"Total","Primary education","Netherlands","Number","Total","2014","104,815",""
"Total","Primary education","Netherlands","Number","Total","2017","100,110",""
"Total","Primary education","Austria","Number","Total","2014","30,533",""
"Total","Primary education","Austria","Number","Total","2017","33,438",""
"Total","Primary education","Poland","Number","Total","2014","211,201",""
"Total","Primary education","Poland","Number","Total","2017","225,581",""
"Total","Primary education","Portugal","Number","Total","2014","50,276",""
"Total","Primary education","Portugal","Number","Total","2017","50,982",""
"Total","Primary education","Romania","Number","Total","2014","50,857",""
"Total","Primary education","Romania","Number","Total","2017","48,009",""
"Total","Primary education","Slovenia","Number","Total","2014","6,666",""
"Total","Primary education","Slovenia","Number","Total","2017","8,797",""
"Total","Primary education","Slovakia","Number","Total","2014","14,030",""
"Total","Primary education","Slovakia","Number","Total","2017","14,507",""
"Total","Primary education","Finland","Number","Total","2014","26,385",""
"Total","Primary education","Finland","Number","Total","2017","26,633",""
"Total","Primary education","Sweden","Number","Total","2014","63,467",""
"Total","Primary education","Sweden","Number","Total","2017","70,389",""
"Total","Primary education","United Kingdom","Number","Total","2014","258,047",""
"Total","Primary education","United Kingdom","Number","Total","2017","318,533",""
"Total","Primary education","Iceland","Number","Total","2014","2,991",""
"Total","Primary education","Iceland","Number","Total","2017","3,077",""
"Total","Primary education","Liechtenstein","Number","Total","2014","246",""
"Total","Primary education","Liechtenstein","Number","Total","2017",":",""
"Total","Primary education","Norway","Number","Total","2014","48,124",""
"Total","Primary education","Norway","Number","Total","2017","51,737",""
"Total","Primary education","Switzerland","Number","Total","2014","47,889",""
"Total","Primary education","Switzerland","Number","Total","2017","51,133",""
"Total","Primary education","North Macedonia","Number","Total","2014","7,137",""
"Total","Primary education","North Macedonia","Number","Total","2017","7,317",""
"Total","Primary education","Serbia","Number","Total","2014","18,701",""
"Total","Primary education","Serbia","Number","Total","2017","18,943",""
"Total","Primary education","Turkey","Number","Total","2014","288,444",""
"Total","Primary education","Turkey","Number","Total","2017","292,878",""
"Total","Lower secondary education","European Union - 28 countries","Number","Total","2014","1,807,582","d"
"Total","Lower secondary education","European Union - 28 countries","Number","Total","2017","1,844,366","d"
"Total","Lower secondary education","Belgium","Number","Total","2014","47,390","d"
"Total","Lower secondary education","Belgium","Number","Total","2017","49,128",""
"Total","Lower secondary education","Bulgaria","Number","Total","2014","17,278",""
"Total","Lower secondary education","Bulgaria","Number","Total","2017","17,564",""
"Total","Lower secondary education","Czechia","Number","Total","2014","30,857",""
"Total","Lower secondary education","Czechia","Number","Total","2017","31,742",""
"Total","Lower secondary education","Denmark","Number","Total","2014","23,896",""
"Total","Lower secondary education","Denmark","Number","Total","2017","64,440","d"
"Total","Lower secondary education","Germany (until 1990 former territory of the FRG)","Number","Total","2014","410,255",""
"Total","Lower secondary education","Germany (until 1990 former territory of the FRG)","Number","Total","2017","409,324","d"
"Total","Lower secondary education","Estonia","Number","Total","2014","4,684",""
"Total","Lower secondary education","Estonia","Number","Total","2017","4,447","d"
"Total","Lower secondary education","Ireland","Number","Total","2014",":","d"
"Total","Lower secondary education","Ireland","Number","Total","2017",":",""
"Total","Lower secondary education","Greece","Number","Total","2014","40,159",""
"Total","Lower secondary education","Greece","Number","Total","2017","41,483",""
"Total","Lower secondary education","Spain","Number","Total","2014","131,385",""
"Total","Lower secondary education","Spain","Number","Total","2017","137,743",""
"Total","Lower secondary education","France","Number","Total","2014","228,134",""
"Total","Lower secondary education","France","Number","Total","2017","242,243",""
"Total","Lower secondary education","Croatia","Number","Total","2014","34,470",""
"Total","Lower secondary education","Croatia","Number","Total","2017","23,542",""
"Total","Lower secondary education","Italy","Number","Total","2014","166,192",""
"Total","Lower secondary education","Italy","Number","Total","2017","173,995",""
"Total","Lower secondary education","Cyprus","Number","Total","2014","2,880",""
"Total","Lower secondary education","Cyprus","Number","Total","2017","2,950",""
"Total","Lower secondary education","Latvia","Number","Total","2014","7,602",""
"Total","Lower secondary education","Latvia","Number","Total","2017","7,525",""
"Total","Lower secondary education","Lithuania","Number","Total","2014","24,825",""
"Total","Lower secondary education","Lithuania","Number","Total","2017","22,707",""
"Total","Lower secondary education","Luxembourg","Number","Total","2014","2,100",""
"Total","Lower secondary education","Luxembourg","Number","Total","2017","2,162",""
"Total","Lower secondary education","Hungary","Number","Total","2014","37,823",""
"Total","Lower secondary education","Hungary","Number","Total","2017","39,374",""
"Total","Lower secondary education","Malta","Number","Total","2014","1,726",""
"Total","Lower secondary education","Malta","Number","Total","2017","1,961",""
"Total","Lower secondary education","Netherlands","Number","Total","2014","57,444",""
"Total","Lower secondary education","Netherlands","Number","Total","2017","58,902",""
"Total","Lower secondary education","Austria","Number","Total","2014","41,779",""
"Total","Lower secondary education","Austria","Number","Total","2017","44,020",""
"Total","Lower secondary education","Poland","Number","Total","2014","128,508",""
"Total","Lower secondary education","Poland","Number","Total","2017","125,264",""
"Total","Lower secondary education","Portugal","Number","Total","2014","39,584",""
"Total","Lower secondary education","Portugal","Number","Total","2017","38,793",""
"Total","Lower secondary education","Romania","Number","Total","2014","74,186",""
"Total","Lower secondary education","Romania","Number","Total","2017","68,704",""
"Total","Lower secondary education","Slovenia","Number","Total","2014","7,439",""
"Total","Lower secondary education","Slovenia","Number","Total","2017","9,085",""
"Total","Lower secondary education","Slovakia","Number","Total","2014","23,527",""
"Total","Lower secondary education","Slovakia","Number","Total","2017","23,129",""
"Total","Lower secondary education","Finland","Number","Total","2014","20,074",""
"Total","Lower secondary education","Finland","Number","Total","2017","19,967",""
"Total","Lower secondary education","Sweden","Number","Total","2014","29,293",""
"Total","Lower secondary education","Sweden","Number","Total","2017","32,751",""
"Total","Lower secondary education","United Kingdom","Number","Total","2014","174,092",""
"Total","Lower secondary education","United Kingdom","Number","Total","2017","151,421",""
"Total","Lower secondary education","Iceland","Number","Total","2014","1,281",""
"Total","Lower secondary education","Iceland","Number","Total","2017","1,318",""
"Total","Lower secondary education","Liechtenstein","Number","Total","2014","266",""
"Total","Lower secondary education","Liechtenstein","Number","Total","2017",":",""
"Total","Lower secondary education","Norway","Number","Total","2014","22,646",""
"Total","Lower secondary education","Norway","Number","Total","2017","24,347",""
"Total","Lower secondary education","Switzerland","Number","Total","2014","33,289",""
"Total","Lower secondary education","Switzerland","Number","Total","2017","30,408",""
"Total","Lower secondary education","North Macedonia","Number","Total","2014","10,412",""
"Total","Lower secondary education","North Macedonia","Number","Total","2017","10,897",""
"Total","Lower secondary education","Serbia","Number","Total","2014","34,516",""
"Total","Lower secondary education","Serbia","Number","Total","2017","36,686",""
"Total","Lower secondary education","Turkey","Number","Total","2014","280,804",""
"Total","Lower secondary education","Turkey","Number","Total","2017","324,350",""
"Total","Upper secondary education","European Union - 28 countries","Number","Total","2014","1,790,843",""
"Total","Upper secondary education","European Union - 28 countries","Number","Total","2017","1,761,552","d"
"Total","Upper secondary education","Belgium","Number","Total","2014","81,023","d"
"Total","Upper secondary education","Belgium","Number","Total","2017","82,915",""
"Total","Upper secondary education","Bulgaria","Number","Total","2014","21,946",""
"Total","Upper secondary education","Bulgaria","Number","Total","2017","20,646",""
"Total","Upper secondary education","Czechia","Number","Total","2014","35,204",""
"Total","Upper secondary education","Czechia","Number","Total","2017","34,730",""
"Total","Upper secondary education","Denmark","Number","Total","2014","25,154",""
"Total","Upper secondary education","Denmark","Number","Total","2017",":",""
"Total","Upper secondary education","Germany (until 1990 former territory of the FRG)","Number","Total","2014","179,775",""
"Total","Upper secondary education","Germany (until 1990 former territory of the FRG)","Number","Total","2017","177,662",""
"Total","Upper secondary education","Estonia","Number","Total","2014","4,898","d"
"Total","Upper secondary education","Estonia","Number","Total","2017","4,554","d"
"Total","Upper secondary education","Ireland","Number","Total","2014","23,907","d"
"Total","Upper secondary education","Ireland","Number","Total","2017","26,273","d"
"Total","Upper secondary education","Greece","Number","Total","2014","40,229",""
"Total","Upper secondary education","Greece","Number","Total","2017","36,532",""
"Total","Upper secondary education","Spain","Number","Total","2014","144,731",""
"Total","Upper secondary education","Spain","Number","Total","2017","150,331",""
"Total","Upper secondary education","France","Number","Total","2014","227,025",""
"Total","Upper secondary education","France","Number","Total","2017","222,095",""
"Total","Upper secondary education","Croatia","Number","Total","2014","18,830","d"
"Total","Upper secondary education","Croatia","Number","Total","2017","19,882","d"
"Total","Upper secondary education","Italy","Number","Total","2014","239,908",""
"Total","Upper secondary education","Italy","Number","Total","2017","286,901","d"
"Total","Upper secondary education","Cyprus","Number","Total","2014","3,152",""
"Total","Upper secondary education","Cyprus","Number","Total","2017","3,693",""
"Total","Upper secondary education","Latvia","Number","Total","2014","7,198",""
"Total","Upper secondary education","Latvia","Number","Total","2017","6,664",""
"Total","Upper secondary education","Lithuania","Number","Total","2014","9,514",""
"Total","Upper secondary education","Lithuania","Number","Total","2017","8,368",""
"Total","Upper secondary education","Luxembourg","Number","Total","2014","3,040",""
"Total","Upper secondary education","Luxembourg","Number","Total","2017","3,241",""
"Total","Upper secondary education","Hungary","Number","Total","2014","40,851",""
"Total","Upper secondary education","Hungary","Number","Total","2017","40,011",""
"Total","Upper secondary education","Malta","Number","Total","2014","2,309",""
"Total","Upper secondary education","Malta","Number","Total","2017","2,364",""
"Total","Upper secondary education","Netherlands","Number","Total","2014","46,342",""
"Total","Upper secondary education","Netherlands","Number","Total","2017","54,784",""
"Total","Upper secondary education","Austria","Number","Total","2014","30,784",""
"Total","Upper secondary education","Austria","Number","Total","2017","29,653",""
"Total","Upper secondary education","Poland","Number","Total","2014","150,705",""
"Total","Upper secondary education","Poland","Number","Total","2017","139,352",""
"Total","Upper secondary education","Portugal","Number","Total","2014","38,101","d"
"Total","Upper secondary education","Portugal","Number","Total","2017","42,121","d"
"Total","Upper secondary education","Romania","Number","Total","2014","56,985",""
"Total","Upper secondary education","Romania","Number","Total","2017","55,672",""
"Total","Upper secondary education","Slovenia","Number","Total","2014","6,930",""
"Total","Upper secondary education","Slovenia","Number","Total","2017","6,081",""
"Total","Upper secondary education","Slovakia","Number","Total","2014","18,312",""
"Total","Upper secondary education","Slovakia","Number","Total","2017","16,765",""
"Total","Upper secondary education","Finland","Number","Total","2014","22,011",""
"Total","Upper secondary education","Finland","Number","Total","2017","20,051",""
"Total","Upper secondary education","Sweden","Number","Total","2014","36,219",""
"Total","Upper secondary education","Sweden","Number","Total","2017","37,348",""
"Total","Upper secondary education","United Kingdom","Number","Total","2014","275,760",""
"Total","Upper secondary education","United Kingdom","Number","Total","2017","232,863",""
"Total","Upper secondary education","Iceland","Number","Total","2014",":",""
"Total","Upper secondary education","Iceland","Number","Total","2017",":",""
"Total","Upper secondary education","Liechtenstein","Number","Total","2014","83",""
"Total","Upper secondary education","Liechtenstein","Number","Total","2017",":",""
"Total","Upper secondary education","Norway","Number","Total","2014","28,609","d"
"Total","Upper secondary education","Norway","Number","Total","2017","27,831",""
"Total","Upper secondary education","Switzerland","Number","Total","2014","31,114","d"
"Total","Upper secondary education","Switzerland","Number","Total","2017","31,533","d"
"Total","Upper secondary education","North Macedonia","Number","Total","2014","7,449",""
"Total","Upper secondary education","North Macedonia","Number","Total","2017","7,538",""
"Total","Upper secondary education","Serbia","Number","Total","2014","37,117",""
"Total","Upper secondary education","Serbia","Number","Total","2017","30,658",""
"Total","Upper secondary education","Turkey","Number","Total","2014","278,641",""
"Total","Upper secondary education","Turkey","Number","Total","2017","333,040",""
"From 50 to 54 years","Primary education","European Union - 28 countries","Number","Total","2014","293,429","d"
"From 50 to 54 years","Primary education","European Union - 28 countries","Number","Total","2017","307,838","d"
"From 50 to 54 years","Primary education","Belgium","Number","Total","2014","9,266","d"
"From 50 to 54 years","Primary education","Belgium","Number","Total","2017","8,351",""
"From 50 to 54 years","Primary education","Bulgaria","Number","Total","2014","3,327",""
"From 50 to 54 years","Primary education","Bulgaria","Number","Total","2017","3,940",""
"From 50 to 54 years","Primary education","Czechia","Number","Total","2014","4,476",""
"From 50 to 54 years","Primary education","Czechia","Number","Total","2017","5,979",""
"From 50 to 54 years","Primary education","Denmark","Number","Total","2014","4,502",""
"From 50 to 54 years","Primary education","Denmark","Number","Total","2017",":","d"
"From 50 to 54 years","Primary education","Germany (until 1990 former territory of the FRG)","Number","Total","2014","27,529",""
"From 50 to 54 years","Primary education","Germany (until 1990 former territory of the FRG)","Number","Total","2017","28,153","d"
"From 50 to 54 years","Primary education","Estonia","Number","Total","2014","1,033",""
"From 50 to 54 years","Primary education","Estonia","Number","Total","2017","1,146",""
"From 50 to 54 years","Primary education","Ireland","Number","Total","2014","3,598",""
"From 50 to 54 years","Primary education","Ireland","Number","Total","2017","2,940",""
"From 50 to 54 years","Primary education","Greece","Number","Total","2014","10,142",""
"From 50 to 54 years","Primary education","Greece","Number","Total","2017","22,170",""
"From 50 to 54 years","Primary education","Spain","Number","Total","2014","32,988",""
"From 50 to 54 years","Primary education","Spain","Number","Total","2017","30,730",""
"From 50 to 54 years","Primary education","France","Number","Total","2014","32,900",""
"From 50 to 54 years","Primary education","France","Number","Total","2017","26,406",""
"From 50 to 54 years","Primary education","Croatia","Number","Total","2014",":",""
"From 50 to 54 years","Primary education","Croatia","Number","Total","2017","1,504",""
"From 50 to 54 years","Primary education","Italy","Number","Total","2014","47,352",""
"From 50 to 54 years","Primary education","Italy","Number","Total","2017","50,073",""
"From 50 to 54 years","Primary education","Cyprus","Number","Total","2014","80",""
"From 50 to 54 years","Primary education","Cyprus","Number","Total","2017","265",""
"From 50 to 54 years","Primary education","Latvia","Number","Total","2014","1,668",""
"From 50 to 54 years","Primary education","Latvia","Number","Total","2017","1,593",""
"From 50 to 54 years","Primary education","Lithuania","Number","Total","2014","1,553",""
"From 50 to 54 years","Primary education","Lithuania","Number","Total","2017","1,498",""
"From 50 to 54 years","Primary education","Luxembourg","Number","Total","2014","380",""
"From 50 to 54 years","Primary education","Luxembourg","Number","Total","2017","409",""
"From 50 to 54 years","Primary education","Hungary","Number","Total","2014","6,542",""
"From 50 to 54 years","Primary education","Hungary","Number","Total","2017","6,821",""
"From 50 to 54 years","Primary education","Malta","Number","Total","2014","85",""
"From 50 to 54 years","Primary education","Malta","Number","Total","2017","108",""
"From 50 to 54 years","Primary education","Netherlands","Number","Total","2014","13,173",""
"From 50 to 54 years","Primary education","Netherlands","Number","Total","2017","10,718",""
"From 50 to 54 years","Primary education","Austria","Number","Total","2014","5,184",""
"From 50 to 54 years","Primary education","Austria","Number","Total","2017","5,382",""
"From 50 to 54 years","Primary education","Poland","Number","Total","2014","38,507",""
"From 50 to 54 years","Primary education","Poland","Number","Total","2017","46,599",""
"From 50 to 54 years","Primary education","Portugal","Number","Total","2014","8,813",""
"From 50 to 54 years","Primary education","Portugal","Number","Total","2017","8,349",""
"From 50 to 54 years","Primary education","Romania","Number","Total","2014","4,764",""
"From 50 to 54 years","Primary education","Romania","Number","Total","2017","4,150",""
"From 50 to 54 years","Primary education","Slovenia","Number","Total","2014","1,338",""
"From 50 to 54 years","Primary education","Slovenia","Number","Total","2017","1,344",""
"From 50 to 54 years","Primary education","Slovakia","Number","Total","2014","1,630",""
"From 50 to 54 years","Primary education","Slovakia","Number","Total","2017","1,813",""
"From 50 to 54 years","Primary education","Finland","Number","Total","2014","3,615",""
"From 50 to 54 years","Primary education","Finland","Number","Total","2017","3,936",""
"From 50 to 54 years","Primary education","Sweden","Number","Total","2014","7,108",""
"From 50 to 54 years","Primary education","Sweden","Number","Total","2017","8,455",""
"From 50 to 54 years","Primary education","United Kingdom","Number","Total","2014","21,877",""
"From 50 to 54 years","Primary education","United Kingdom","Number","Total","2017","25,007",""
"From 50 to 54 years","Primary education","Iceland","Number","Total","2014","388",""
"From 50 to 54 years","Primary education","Iceland","Number","Total","2017","395",""
"From 50 to 54 years","Primary education","Liechtenstein","Number","Total","2014","37",""
"From 50 to 54 years","Primary education","Liechtenstein","Number","Total","2017",":",""
"From 50 to 54 years","Primary education","Norway","Number","Total","2014","4,586",""
"From 50 to 54 years","Primary education","Norway","Number","Total","2017","4,637",""
"From 50 to 54 years","Primary education","Switzerland","Number","Total","2014","6,346",""
"From 50 to 54 years","Primary education","Switzerland","Number","Total","2017","6,188",""
"From 50 to 54 years","Primary education","North Macedonia","Number","Total","2014","1,187",""
"From 50 to 54 years","Primary education","North Macedonia","Number","Total","2017","1,222",""
"From 50 to 54 years","Primary education","Serbia","Number","Total","2014",":",""
"From 50 to 54 years","Primary education","Serbia","Number","Total","2017",":",""
"From 50 to 54 years","Primary education","Turkey","Number","Total","2014","14,764",""
"From 50 to 54 years","Primary education","Turkey","Number","Total","2017","25,890",""
"From 50 to 54 years","Lower secondary education","European Union - 28 countries","Number","Total","2014","246,745","d"
"From 50 to 54 years","Lower secondary education","European Union - 28 countries","Number","Total","2017","256,751","d"
"From 50 to 54 years","Lower secondary education","Belgium","Number","Total","2014","6,347","d"
"From 50 to 54 years","Lower secondary education","Belgium","Number","Total","2017","5,890",""
"From 50 to 54 years","Lower secondary education","Bulgaria","Number","Total","2014","3,196",""
"From 50 to 54 years","Lower secondary education","Bulgaria","Number","Total","2017","2,832",""
"From 50 to 54 years","Lower secondary education","Czechia","Number","Total","2014","3,888",""
"From 50 to 54 years","Lower secondary education","Czechia","Number","Total","2017","4,674",""
"From 50 to 54 years","Lower secondary education","Denmark","Number","Total","2014","2,448",""
"From 50 to 54 years","Lower secondary education","Denmark","Number","Total","2017","9,490","d"
"From 50 to 54 years","Lower secondary education","Germany (until 1990 former territory of the FRG)","Number","Total","2014","56,665",""
"From 50 to 54 years","Lower secondary education","Germany (until 1990 former territory of the FRG)","Number","Total","2017","50,855","d"
"From 50 to 54 years","Lower secondary education","Estonia","Number","Total","2014","777",""
"From 50 to 54 years","Lower secondary education","Estonia","Number","Total","2017","682","d"
"From 50 to 54 years","Lower secondary education","Ireland","Number","Total","2014",":","d"
"From 50 to 54 years","Lower secondary education","Ireland","Number","Total","2017",":",""
"From 50 to 54 years","Lower secondary education","Greece","Number","Total","2014","9,019",""
"From 50 to 54 years","Lower secondary education","Greece","Number","Total","2017","10,436",""
"From 50 to 54 years","Lower secondary education","Spain","Number","Total","2014","21,816",""
"From 50 to 54 years","Lower secondary education","Spain","Number","Total","2017","25,218",""
"From 50 to 54 years","Lower secondary education","France","Number","Total","2014","24,664",""
"From 50 to 54 years","Lower secondary education","France","Number","Total","2017","32,634",""
"From 50 to 54 years","Lower secondary education","Croatia","Number","Total","2014","3,655",""
"From 50 to 54 years","Lower secondary education","Croatia","Number","Total","2017","2,782",""
"From 50 to 54 years","Lower secondary education","Italy","Number","Total","2014","26,068",""
"From 50 to 54 years","Lower secondary education","Italy","Number","Total","2017","26,637",""
"From 50 to 54 years","Lower secondary education","Cyprus","Number","Total","2014","476",""
"From 50 to 54 years","Lower secondary education","Cyprus","Number","Total","2017","481",""
"From 50 to 54 years","Lower secondary education","Latvia","Number","Total","2014","1,476",""
"From 50 to 54 years","Lower secondary education","Latvia","Number","Total","2017","1,431",""
"From 50 to 54 years","Lower secondary education","Lithuania","Number","Total","2014","4,470",""
"From 50 to 54 years","Lower secondary education","Lithuania","Number","Total","2017","4,073",""
"From 50 to 54 years","Lower secondary education","Luxembourg","Number","Total","2014","198",""
"From 50 to 54 years","Lower secondary education","Luxembourg","Number","Total","2017","285",""
"From 50 to 54 years","Lower secondary education","Hungary","Number","Total","2014","7,001",""
"From 50 to 54 years","Lower secondary education","Hungary","Number","Total","2017","6,815",""
"From 50 to 54 years","Lower secondary education","Malta","Number","Total","2014","93",""
"From 50 to 54 years","Lower secondary education","Malta","Number","Total","2017","123",""
"From 50 to 54 years","Lower secondary education","Netherlands","Number","Total","2014","7,572",""
"From 50 to 54 years","Lower secondary education","Netherlands","Number","Total","2017","6,489",""
"From 50 to 54 years","Lower secondary education","Austria","Number","Total","2014","8,543",""
"From 50 to 54 years","Lower secondary education","Austria","Number","Total","2017","7,200",""
"From 50 to 54 years","Lower secondary education","Poland","Number","Total","2014","18,135",""
"From 50 to 54 years","Lower secondary education","Poland","Number","Total","2017","19,893",""
"From 50 to 54 years","Lower secondary education","Portugal","Number","Total","2014","7,520",""
"From 50 to 54 years","Lower secondary education","Portugal","Number","Total","2017","7,499",""
"From 50 to 54 years","Lower secondary education","Romania","Number","Total","2014","6,371",""
"From 50 to 54 years","Lower secondary education","Romania","Number","Total","2017","6,168",""
"From 50 to 54 years","Lower secondary education","Slovenia","Number","Total","2014","1,368",""
"From 50 to 54 years","Lower secondary education","Slovenia","Number","Total","2017","1,387",""
"From 50 to 54 years","Lower secondary education","Slovakia","Number","Total","2014","2,586",""
"From 50 to 54 years","Lower secondary education","Slovakia","Number","Total","2017","2,660",""
"From 50 to 54 years","Lower secondary education","Finland","Number","Total","2014","2,547",""
"From 50 to 54 years","Lower secondary education","Finland","Number","Total","2017","2,837",""
"From 50 to 54 years","Lower secondary education","Sweden","Number","Total","2014","3,306",""
"From 50 to 54 years","Lower secondary education","Sweden","Number","Total","2017","3,957",""
"From 50 to 54 years","Lower secondary education","United Kingdom","Number","Total","2014","16,541",""
"From 50 to 54 years","Lower secondary education","United Kingdom","Number","Total","2017","13,322",""
"From 50 to 54 years","Lower secondary education","Iceland","Number","Total","2014","166",""
"From 50 to 54 years","Lower secondary education","Iceland","Number","Total","2017","170",""
"From 50 to 54 years","Lower secondary education","Liechtenstein","Number","Total","2014","36",""
"From 50 to 54 years","Lower secondary education","Liechtenstein","Number","Total","2017",":",""
"From 50 to 54 years","Lower secondary education","Norway","Number","Total","2014","2,158",""
"From 50 to 54 years","Lower secondary education","Norway","Number","Total","2017","2,182",""
"From 50 to 54 years","Lower secondary education","Switzerland","Number","Total","2014","4,504",""
"From 50 to 54 years","Lower secondary education","Switzerland","Number","Total","2017","3,897",""
"From 50 to 54 years","Lower secondary education","North Macedonia","Number","Total","2014","1,457",""
"From 50 to 54 years","Lower secondary education","North Macedonia","Number","Total","2017","1,423",""
"From 50 to 54 years","Lower secondary education","Serbia","Number","Total","2014",":",""
"From 50 to 54 years","Lower secondary education","Serbia","Number","Total","2017",":",""
"From 50 to 54 years","Lower secondary education","Turkey","Number","Total","2014","8,232",""
"From 50 to 54 years","Lower secondary education","Turkey","Number","Total","2017","10,473",""
"From 50 to 54 years","Upper secondary education","European Union - 28 countries","Number","Total","2014","270,246",""
"From 50 to 54 years","Upper secondary education","European Union - 28 countries","Number","Total","2017","259,970","d"
"From 50 to 54 years","Upper secondary education","Belgium","Number","Total","2014","11,750","d"
"From 50 to 54 years","Upper secondary education","Belgium","Number","Total","2017","10,941",""
"From 50 to 54 years","Upper secondary education","Bulgaria","Number","Total","2014","4,110",""
"From 50 to 54 years","Upper secondary education","Bulgaria","Number","Total","2017","3,480",""
"From 50 to 54 years","Upper secondary education","Czechia","Number","Total","2014","6,283",""
"From 50 to 54 years","Upper secondary education","Czechia","Number","Total","2017","6,035",""
"From 50 to 54 years","Upper secondary education","Denmark","Number","Total","2014","2,876",""
"From 50 to 54 years","Upper secondary education","Denmark","Number","Total","2017",":",""
"From 50 to 54 years","Upper secondary education","Germany (until 1990 former territory of the FRG)","Number","Total","2014","24,352",""
"From 50 to 54 years","Upper secondary education","Germany (until 1990 former territory of the FRG)","Number","Total","2017","22,409",""
"From 50 to 54 years","Upper secondary education","Estonia","Number","Total","2014","773","d"
"From 50 to 54 years","Upper secondary education","Estonia","Number","Total","2017","640","d"
"From 50 to 54 years","Upper secondary education","Ireland","Number","Total","2014","2,964","d"
"From 50 to 54 years","Upper secondary education","Ireland","Number","Total","2017","3,032","d"
"From 50 to 54 years","Upper secondary education","Greece","Number","Total","2014","8,755",""
"From 50 to 54 years","Upper secondary education","Greece","Number","Total","2017","8,596",""
"From 50 to 54 years","Upper secondary education","Spain","Number","Total","2014","24,826",""
"From 50 to 54 years","Upper secondary education","Spain","Number","Total","2017","27,804",""
"From 50 to 54 years","Upper secondary education","France","Number","Total","2014","34,254",""
"From 50 to 54 years","Upper secondary education","France","Number","Total","2017","30,149",""
"From 50 to 54 years","Upper secondary education","Croatia","Number","Total","2014","2,331",""
"From 50 to 54 years","Upper secondary education","Croatia","Number","Total","2017","2,681",""
"From 50 to 54 years","Upper secondary education","Italy","Number","Total","2014","48,247",""
"From 50 to 54 years","Upper secondary education","Italy","Number","Total","2017","50,762","d"
"From 50 to 54 years","Upper secondary education","Cyprus","Number","Total","2014","540",""
"From 50 to 54 years","Upper secondary education","Cyprus","Number","Total","2017","616",""
"From 50 to 54 years","Upper secondary education","Latvia","Number","Total","2014","1,294",""
"From 50 to 54 years","Upper secondary education","Latvia","Number","Total","2017","1,104",""
"From 50 to 54 years","Upper secondary education","Lithuania","Number","Total","2014","1,839",""
"From 50 to 54 years","Upper secondary education","Lithuania","Number","Total","2017","1,513",""
"From 50 to 54 years","Upper secondary education","Luxembourg","Number","Total","2014","411",""
"From 50 to 54 years","Upper secondary education","Luxembourg","Number","Total","2017","416",""
"From 50 to 54 years","Upper secondary education","Hungary","Number","Total","2014","5,541",""
"From 50 to 54 years","Upper secondary education","Hungary","Number","Total","2017","5,842",""
"From 50 to 54 years","Upper secondary education","Malta","Number","Total","2014","163",""
"From 50 to 54 years","Upper secondary education","Malta","Number","Total","2017","180",""
"From 50 to 54 years","Upper secondary education","Netherlands","Number","Total","2014","7,390",""
"From 50 to 54 years","Upper secondary education","Netherlands","Number","Total","2017","7,069",""
"From 50 to 54 years","Upper secondary education","Austria","Number","Total","2014","5,729",""
"From 50 to 54 years","Upper secondary education","Austria","Number","Total","2017","5,350",""
"From 50 to 54 years","Upper secondary education","Poland","Number","Total","2014","19,240",""
"From 50 to 54 years","Upper secondary education","Poland","Number","Total","2017","19,605",""
"From 50 to 54 years","Upper secondary education","Portugal","Number","Total","2014","6,334","d"
"From 50 to 54 years","Upper secondary education","Portugal","Number","Total","2017","7,422","d"
"From 50 to 54 years","Upper secondary education","Romania","Number","Total","2014","6,336",""
"From 50 to 54 years","Upper secondary education","Romania","Number","Total","2017","6,055",""
"From 50 to 54 years","Upper secondary education","Slovenia","Number","Total","2014","1,060",""
"From 50 to 54 years","Upper secondary education","Slovenia","Number","Total","2017","1,067",""
"From 50 to 54 years","Upper secondary education","Slovakia","Number","Total","2014","2,823",""
"From 50 to 54 years","Upper secondary education","Slovakia","Number","Total","2017","2,179",""
"From 50 to 54 years","Upper secondary education","Finland","Number","Total","2014","3,722",""
"From 50 to 54 years","Upper secondary education","Finland","Number","Total","2017","3,601",""
"From 50 to 54 years","Upper secondary education","Sweden","Number","Total","2014","4,889",""
"From 50 to 54 years","Upper secondary education","Sweden","Number","Total","2017","5,341",""
"From 50 to 54 years","Upper secondary education","United Kingdom","Number","Total","2014","31,413",""
"From 50 to 54 years","Upper secondary education","United Kingdom","Number","Total","2017","26,081",""
"From 50 to 54 years","Upper secondary education","Iceland","Number","Total","2014",":",""
"From 50 to 54 years","Upper secondary education","Iceland","Number","Total","2017",":",""
"From 50 to 54 years","Upper secondary education","Liechtenstein","Number","Total","2014","15",""
"From 50 to 54 years","Upper secondary education","Liechtenstein","Number","Total","2017",":",""
"From 50 to 54 years","Upper secondary education","Norway","Number","Total","2014","3,601","d"
"From 50 to 54 years","Upper secondary education","Norway","Number","Total","2017","3,720",""
"From 50 to 54 years","Upper secondary education","Switzerland","Number","Total","2014","5,090","d"
"From 50 to 54 years","Upper secondary education","Switzerland","Number","Total","2017","5,259","d"
"From 50 to 54 years","Upper secondary education","North Macedonia","Number","Total","2014",":",""
"From 50 to 54 years","Upper secondary education","North Macedonia","Number","Total","2017",":",""
"From 50 to 54 years","Upper secondary education","Serbia","Number","Total","2014",":",""
"From 50 to 54 years","Upper secondary education","Serbia","Number","Total","2017",":",""
"From 50 to 54 years","Upper secondary education","Turkey","Number","Total","2014","16,275",""
"From 50 to 54 years","Upper secondary education","Turkey","Number","Total","2017","26,683",""
"From 55 to 59 years","Primary education","European Union - 28 countries","Number","Total","2014","246,973","d"
"From 55 to 59 years","Primary education","European Union - 28 countries","Number","Total","2017","247,398","d"
"From 55 to 59 years","Primary education","Belgium","Number","Total","2014","5,646","d"
"From 55 to 59 years","Primary education","Belgium","Number","Total","2017","7,575",""
"From 55 to 59 years","Primary education","Bulgaria","Number","Total","2014","2,257",""
"From 55 to 59 years","Primary education","Bulgaria","Number","Total","2017","3,203",""
"From 55 to 59 years","Primary education","Czechia","Number","Total","2014","3,328",""
"From 55 to 59 years","Primary education","Czechia","Number","Total","2017","4,478",""
"From 55 to 59 years","Primary education","Denmark","Number","Total","2014","5,527",""
"From 55 to 59 years","Primary education","Denmark","Number","Total","2017",":","d"
"From 55 to 59 years","Primary education","Germany (until 1990 former territory of the FRG)","Number","Total","2014","37,506",""
"From 55 to 59 years","Primary education","Germany (until 1990 former territory of the FRG)","Number","Total","2017","29,346","d"
"From 55 to 59 years","Primary education","Estonia","Number","Total","2014","846",""
"From 55 to 59 years","Primary education","Estonia","Number","Total","2017","1,076",""
"From 55 to 59 years","Primary education","Ireland","Number","Total","2014","2,740",""
"From 55 to 59 years","Primary education","Ireland","Number","Total","2017","2,906",""
"From 55 to 59 years","Primary education","Greece","Number","Total","2014","2,201",""
"From 55 to 59 years","Primary education","Greece","Number","Total","2017","6,836",""
"From 55 to 59 years","Primary education","Spain","Number","Total","2014","31,161",""
"From 55 to 59 years","Primary education","Spain","Number","Total","2017","34,019",""
"From 55 to 59 years","Primary education","France","Number","Total","2014","21,772",""
"From 55 to 59 years","Primary education","France","Number","Total","2017","19,433",""
"From 55 to 59 years","Primary education","Croatia","Number","Total","2014",":",""
"From 55 to 59 years","Primary education","Croatia","Number","Total","2017","1,007",""
"From 55 to 59 years","Primary education","Italy","Number","Total","2014","43,094",""
"From 55 to 59 years","Primary education","Italy","Number","Total","2017","43,080",""
"From 55 to 59 years","Primary education","Cyprus","Number","Total","2014","44",""
"From 55 to 59 years","Primary education","Cyprus","Number","Total","2017","73",""
"From 55 to 59 years","Primary education","Latvia","Number","Total","2014","1,374",""
"From 55 to 59 years","Primary education","Latvia","Number","Total","2017","1,459",""
"From 55 to 59 years","Primary education","Lithuania","Number","Total","2014","1,262",""
"From 55 to 59 years","Primary education","Lithuania","Number","Total","2017","1,502",""
"From 55 to 59 years","Primary education","Luxembourg","Number","Total","2014","378",""
"From 55 to 59 years","Primary education","Luxembourg","Number","Total","2017","332",""
"From 55 to 59 years","Primary education","Hungary","Number","Total","2014","5,580",""
"From 55 to 59 years","Primary education","Hungary","Number","Total","2017","6,355",""
"From 55 to 59 years","Primary education","Malta","Number","Total","2014","116",""
"From 55 to 59 years","Primary education","Malta","Number","Total","2017","79",""
"From 55 to 59 years","Primary education","Netherlands","Number","Total","2014","16,407",""
"From 55 to 59 years","Primary education","Netherlands","Number","Total","2017","13,470",""
"From 55 to 59 years","Primary education","Austria","Number","Total","2014","5,085",""
"From 55 to 59 years","Primary education","Austria","Number","Total","2017","4,994",""
"From 55 to 59 years","Primary education","Poland","Number","Total","2014","14,179",""
"From 55 to 59 years","Primary education","Poland","Number","Total","2017","23,818",""
"From 55 to 59 years","Primary education","Portugal","Number","Total","2014","7,139",""
"From 55 to 59 years","Primary education","Portugal","Number","Total","2017","8,057",""
"From 55 to 59 years","Primary education","Romania","Number","Total","2014","8,141",""
"From 55 to 59 years","Primary education","Romania","Number","Total","2017","5,699",""
"From 55 to 59 years","Primary education","Slovenia","Number","Total","2014","626",""
"From 55 to 59 years","Primary education","Slovenia","Number","Total","2017","1,328",""
"From 55 to 59 years","Primary education","Slovakia","Number","Total","2014","1,536",""
"From 55 to 59 years","Primary education","Slovakia","Number","Total","2017","1,378",""
"From 55 to 59 years","Primary education","Finland","Number","Total","2014","3,292",""
"From 55 to 59 years","Primary education","Finland","Number","Total","2017","3,243",""
"From 55 to 59 years","Primary education","Sweden","Number","Total","2014","7,625",""
"From 55 to 59 years","Primary education","Sweden","Number","Total","2017","7,459",""
"From 55 to 59 years","Primary education","United Kingdom","Number","Total","2014","18,110",""
"From 55 to 59 years","Primary education","United Kingdom","Number","Total","2017","15,194",""
"From 55 to 59 years","Primary education","Iceland","Number","Total","2014","351",""
"From 55 to 59 years","Primary education","Iceland","Number","Total","2017","386",""
"From 55 to 59 years","Primary education","Liechtenstein","Number","Total","2014","33",""
"From 55 to 59 years","Primary education","Liechtenstein","Number","Total","2017",":",""
"From 55 to 59 years","Primary education","Norway","Number","Total","2014","5,137",""
"From 55 to 59 years","Primary education","Norway","Number","Total","2017","4,559",""
"From 55 to 59 years","Primary education","Switzerland","Number","Total","2014","6,967",""
"From 55 to 59 years","Primary education","Switzerland","Number","Total","2017","6,594",""
"From 55 to 59 years","Primary education","North Macedonia","Number","Total","2014","612",""
"From 55 to 59 years","Primary education","North Macedonia","Number","Total","2017","943",""
"From 55 to 59 years","Primary education","Serbia","Number","Total","2014",":",""
"From 55 to 59 years","Primary education","Serbia","Number","Total","2017",":",""
"From 55 to 59 years","Primary education","Turkey","Number","Total","2014","13,770",""
"From 55 to 59 years","Primary education","Turkey","Number","Total","2017","9,696",""
"From 55 to 59 years","Lower secondary education","European Union - 28 countries","Number","Total","2014","258,907","d"
"From 55 to 59 years","Lower secondary education","European Union - 28 countries","Number","Total","2017","245,073","d"
"From 55 to 59 years","Lower secondary education","Belgium","Number","Total","2014","5,880","d"
"From 55 to 59 years","Lower secondary education","Belgium","Number","Total","2017","6,195",""
"From 55 to 59 years","Lower secondary education","Bulgaria","Number","Total","2014","3,691",""
"From 55 to 59 years","Lower secondary education","Bulgaria","Number","Total","2017","3,520",""
"From 55 to 59 years","Lower secondary education","Czechia","Number","Total","2014","3,870",""
"From 55 to 59 years","Lower secondary education","Czechia","Number","Total","2017","3,981",""
"From 55 to 59 years","Lower secondary education","Denmark","Number","Total","2014","2,879",""
"From 55 to 59 years","Lower secondary education","Denmark","Number","Total","2017","8,185","d"
"From 55 to 59 years","Lower secondary education","Germany (until 1990 former territory of the FRG)","Number","Total","2014","80,301",""
"From 55 to 59 years","Lower secondary education","Germany (until 1990 former territory of the FRG)","Number","Total","2017","63,944","d"
"From 55 to 59 years","Lower secondary education","Estonia","Number","Total","2014","705",""
"From 55 to 59 years","Lower secondary education","Estonia","Number","Total","2017","733","d"
"From 55 to 59 years","Lower secondary education","Ireland","Number","Total","2014",":","d"
"From 55 to 59 years","Lower secondary education","Ireland","Number","Total","2017",":",""
"From 55 to 59 years","Lower secondary education","Greece","Number","Total","2014","5,998",""
"From 55 to 59 years","Lower secondary education","Greece","Number","Total","2017","7,437",""
"From 55 to 59 years","Lower secondary education","Spain","Number","Total","2014","17,126",""
"From 55 to 59 years","Lower secondary education","Spain","Number","Total","2017","18,766",""
"From 55 to 59 years","Lower secondary education","France","Number","Total","2014","25,578",""
"From 55 to 59 years","Lower secondary education","France","Number","Total","2017","27,490",""
"From 55 to 59 years","Lower secondary education","Croatia","Number","Total","2014","2,951",""
"From 55 to 59 years","Lower secondary education","Croatia","Number","Total","2017","2,067",""
"From 55 to 59 years","Lower secondary education","Italy","Number","Total","2014","32,222",""
"From 55 to 59 years","Lower secondary education","Italy","Number","Total","2017","28,196",""
"From 55 to 59 years","Lower secondary education","Cyprus","Number","Total","2014","256",""
"From 55 to 59 years","Lower secondary education","Cyprus","Number","Total","2017","442",""
"From 55 to 59 years","Lower secondary education","Latvia","Number","Total","2014","1,227",""
"From 55 to 59 years","Lower secondary education","Latvia","Number","Total","2017","1,238",""
"From 55 to 59 years","Lower secondary education","Lithuania","Number","Total","2014","3,967",""
"From 55 to 59 years","Lower secondary education","Lithuania","Number","Total","2017","4,345",""
"From 55 to 59 years","Lower secondary education","Luxembourg","Number","Total","2014","135",""
"From 55 to 59 years","Lower secondary education","Luxembourg","Number","Total","2017","211",""
"From 55 to 59 years","Lower secondary education","Hungary","Number","Total","2014","6,961",""
"From 55 to 59 years","Lower secondary education","Hungary","Number","Total","2017","6,975",""
"From 55 to 59 years","Lower secondary education","Malta","Number","Total","2014","83",""
"From 55 to 59 years","Lower secondary education","Malta","Number","Total","2017","82",""
"From 55 to 59 years","Lower secondary education","Netherlands","Number","Total","2014","9,187",""
"From 55 to 59 years","Lower secondary education","Netherlands","Number","Total","2017","8,135",""
"From 55 to 59 years","Lower secondary education","Austria","Number","Total","2014","9,779",""
"From 55 to 59 years","Lower secondary education","Austria","Number","Total","2017","9,199",""
"From 55 to 59 years","Lower secondary education","Poland","Number","Total","2014","9,469",""
"From 55 to 59 years","Lower secondary education","Poland","Number","Total","2017","12,446",""
"From 55 to 59 years","Lower secondary education","Portugal","Number","Total","2014","5,070",""
"From 55 to 59 years","Lower secondary education","Portugal","Number","Total","2017","6,313",""
"From 55 to 59 years","Lower secondary education","Romania","Number","Total","2014","7,390",""
"From 55 to 59 years","Lower secondary education","Romania","Number","Total","2017","5,589",""
"From 55 to 59 years","Lower secondary education","Slovenia","Number","Total","2014","983",""
"From 55 to 59 years","Lower secondary education","Slovenia","Number","Total","2017","1,371",""
"From 55 to 59 years","Lower secondary education","Slovakia","Number","Total","2014","3,738",""
"From 55 to 59 years","Lower secondary education","Slovakia","Number","Total","2017","3,470",""
"From 55 to 59 years","Lower secondary education","Finland","Number","Total","2014","2,510",""
"From 55 to 59 years","Lower secondary education","Finland","Number","Total","2017","2,339",""
"From 55 to 59 years","Lower secondary education","Sweden","Number","Total","2014","3,570",""
"From 55 to 59 years","Lower secondary education","Sweden","Number","Total","2017","3,498",""
"From 55 to 59 years","Lower secondary education","United Kingdom","Number","Total","2014","13,381",""
"From 55 to 59 years","Lower secondary education","United Kingdom","Number","Total","2017","8,907",""
"From 55 to 59 years","Lower secondary education","Iceland","Number","Total","2014","150",""
"From 55 to 59 years","Lower secondary education","Iceland","Number","Total","2017","166",""
"From 55 to 59 years","Lower secondary education","Liechtenstein","Number","Total","2014","31",""
"From 55 to 59 years","Lower secondary education","Liechtenstein","Number","Total","2017",":",""
"From 55 to 59 years","Lower secondary education","Norway","Number","Total","2014","2,418",""
"From 55 to 59 years","Lower secondary education","Norway","Number","Total","2017","2,146",""
"From 55 to 59 years","Lower secondary education","Switzerland","Number","Total","2014","4,704",""
"From 55 to 59 years","Lower secondary education","Switzerland","Number","Total","2017","4,067",""
"From 55 to 59 years","Lower secondary education","North Macedonia","Number","Total","2014","1,078",""
"From 55 to 59 years","Lower secondary education","North Macedonia","Number","Total","2017","1,357",""
"From 55 to 59 years","Lower secondary education","Serbia","Number","Total","2014",":",""
"From 55 to 59 years","Lower secondary education","Serbia","Number","Total","2017",":",""
"From 55 to 59 years","Lower secondary education","Turkey","Number","Total","2014","8,347",""
"From 55 to 59 years","Lower secondary education","Turkey","Number","Total","2017","5,183",""
"From 55 to 59 years","Upper secondary education","European Union - 28 countries","Number","Total","2014","265,791",""
"From 55 to 59 years","Upper secondary education","European Union - 28 countries","Number","Total","2017","251,847","d"
"From 55 to 59 years","Upper secondary education","Belgium","Number","Total","2014","11,067","d"
"From 55 to 59 years","Upper secondary education","Belgium","Number","Total","2017","11,603",""
"From 55 to 59 years","Upper secondary education","Bulgaria","Number","Total","2014","4,316",""
"From 55 to 59 years","Upper secondary education","Bulgaria","Number","Total","2017","4,142",""
"From 55 to 59 years","Upper secondary education","Czechia","Number","Total","2014","5,833",""
"From 55 to 59 years","Upper secondary education","Czechia","Number","Total","2017","6,902",""
"From 55 to 59 years","Upper secondary education","Denmark","Number","Total","2014","3,191",""
"From 55 to 59 years","Upper secondary education","Denmark","Number","Total","2017",":",""
"From 55 to 59 years","Upper secondary education","Germany (until 1990 former territory of the FRG)","Number","Total","2014","29,657",""
"From 55 to 59 years","Upper secondary education","Germany (until 1990 former territory of the FRG)","Number","Total","2017","24,086",""
"From 55 to 59 years","Upper secondary education","Estonia","Number","Total","2014","700","d"
"From 55 to 59 years","Upper secondary education","Estonia","Number","Total","2017","694","d"
"From 55 to 59 years","Upper secondary education","Ireland","Number","Total","2014","2,848","d"
"From 55 to 59 years","Upper secondary education","Ireland","Number","Total","2017","2,519","d"
"From 55 to 59 years","Upper secondary education","Greece","Number","Total","2014","6,851",""
"From 55 to 59 years","Upper secondary education","Greece","Number","Total","2017","6,901",""
"From 55 to 59 years","Upper secondary education","Spain","Number","Total","2014","19,278",""
"From 55 to 59 years","Upper secondary education","Spain","Number","Total","2017","21,213",""
"From 55 to 59 years","Upper secondary education","France","Number","Total","2014","32,758",""
"From 55 to 59 years","Upper secondary education","France","Number","Total","2017","25,216",""
"From 55 to 59 years","Upper secondary education","Croatia","Number","Total","2014","2,111",""
"From 55 to 59 years","Upper secondary education","Croatia","Number","Total","2017","2,120",""
"From 55 to 59 years","Upper secondary education","Italy","Number","Total","2014","56,919",""
"From 55 to 59 years","Upper secondary education","Italy","Number","Total","2017","62,910","d"
"From 55 to 59 years","Upper secondary education","Cyprus","Number","Total","2014","397",""
"From 55 to 59 years","Upper secondary education","Cyprus","Number","Total","2017","588",""
"From 55 to 59 years","Upper secondary education","Latvia","Number","Total","2014","1,231",""
"From 55 to 59 years","Upper secondary education","Latvia","Number","Total","2017","1,124",""
"From 55 to 59 years","Upper secondary education","Lithuania","Number","Total","2014","1,623",""
"From 55 to 59 years","Upper secondary education","Lithuania","Number","Total","2017","1,677",""
"From 55 to 59 years","Upper secondary education","Luxembourg","Number","Total","2014","310",""
"From 55 to 59 years","Upper secondary education","Luxembourg","Number","Total","2017","349",""
"From 55 to 59 years","Upper secondary education","Hungary","Number","Total","2014","5,970",""
"From 55 to 59 years","Upper secondary education","Hungary","Number","Total","2017","5,555",""
"From 55 to 59 years","Upper secondary education","Malta","Number","Total","2014","145",""
"From 55 to 59 years","Upper secondary education","Malta","Number","Total","2017","155",""
"From 55 to 59 years","Upper secondary education","Netherlands","Number","Total","2014","9,238",""
"From 55 to 59 years","Upper secondary education","Netherlands","Number","Total","2017","9,269",""
"From 55 to 59 years","Upper secondary education","Austria","Number","Total","2014","5,592",""
"From 55 to 59 years","Upper secondary education","Austria","Number","Total","2017","5,295",""
"From 55 to 59 years","Upper secondary education","Poland","Number","Total","2014","15,411",""
"From 55 to 59 years","Upper secondary education","Poland","Number","Total","2017","14,976",""
"From 55 to 59 years","Upper secondary education","Portugal","Number","Total","2014","4,146","d"
"From 55 to 59 years","Upper secondary education","Portugal","Number","Total","2017","5,884","d"
"From 55 to 59 years","Upper secondary education","Romania","Number","Total","2014","7,617",""
"From 55 to 59 years","Upper secondary education","Romania","Number","Total","2017","6,395",""
"From 55 to 59 years","Upper secondary education","Slovenia","Number","Total","2014","999",""
"From 55 to 59 years","Upper secondary education","Slovenia","Number","Total","2017","1,009",""
"From 55 to 59 years","Upper secondary education","Slovakia","Number","Total","2014","3,102",""
"From 55 to 59 years","Upper secondary education","Slovakia","Number","Total","2017","2,522",""
"From 55 to 59 years","Upper secondary education","Finland","Number","Total","2014","3,338",""
"From 55 to 59 years","Upper secondary education","Finland","Number","Total","2017","3,250",""
"From 55 to 59 years","Upper secondary education","Sweden","Number","Total","2014","4,940",""
"From 55 to 59 years","Upper secondary education","Sweden","Number","Total","2017","5,054",""
"From 55 to 59 years","Upper secondary education","United Kingdom","Number","Total","2014","26,204",""
"From 55 to 59 years","Upper secondary education","United Kingdom","Number","Total","2017","20,438",""
"From 55 to 59 years","Upper secondary education","Iceland","Number","Total","2014",":",""
"From 55 to 59 years","Upper secondary education","Iceland","Number","Total","2017",":",""
"From 55 to 59 years","Upper secondary education","Liechtenstein","Number","Total","2014","12",""
"From 55 to 59 years","Upper secondary education","Liechtenstein","Number","Total","2017",":",""
"From 55 to 59 years","Upper secondary education","Norway","Number","Total","2014","3,916","d"
"From 55 to 59 years","Upper secondary education","Norway","Number","Total","2017","3,375",""
"From 55 to 59 years","Upper secondary education","Switzerland","Number","Total","2014","4,606","d"
"From 55 to 59 years","Upper secondary education","Switzerland","Number","Total","2017","4,874","d"
"From 55 to 59 years","Upper secondary education","North Macedonia","Number","Total","2014",":",""
"From 55 to 59 years","Upper secondary education","North Macedonia","Number","Total","2017",":",""
"From 55 to 59 years","Upper secondary education","Serbia","Number","Total","2014",":",""
"From 55 to 59 years","Upper secondary education","Serbia","Number","Total","2017",":",""
"From 55 to 59 years","Upper secondary education","Turkey","Number","Total","2014","9,294",""
"From 55 to 59 years","Upper secondary education","Turkey","Number","Total","2017","11,326",""
"From 60 to 64 years","Primary education","European Union - 28 countries","Number","Total","2014","117,484","d"
"From 60 to 64 years","Primary education","European Union - 28 countries","Number","Total","2017","131,891","d"
"From 60 to 64 years","Primary education","Belgium","Number","Total","2014","673","d"
"From 60 to 64 years","Primary education","Belgium","Number","Total","2017","1,066",""
"From 60 to 64 years","Primary education","Bulgaria","Number","Total","2014","547",""
"From 60 to 64 years","Primary education","Bulgaria","Number","Total","2017","1,045",""
"From 60 to 64 years","Primary education","Czechia","Number","Total","2014","936",""
"From 60 to 64 years","Primary education","Czechia","Number","Total","2017","1,863",""
"From 60 to 64 years","Primary education","Denmark","Number","Total","2014","3,882",""
"From 60 to 64 years","Primary education","Denmark","Number","Total","2017",":","d"
"From 60 to 64 years","Primary education","Germany (until 1990 former territory of the FRG)","Number","Total","2014","32,158",""
"From 60 to 64 years","Primary education","Germany (until 1990 former territory of the FRG)","Number","Total","2017","31,430","d"
"From 60 to 64 years","Primary education","Estonia","Number","Total","2014","484",""
"From 60 to 64 years","Primary education","Estonia","Number","Total","2017","699",""
"From 60 to 64 years","Primary education","Ireland","Number","Total","2014","909",""
"From 60 to 64 years","Primary education","Ireland","Number","Total","2017","1,130",""
"From 60 to 64 years","Primary education","Greece","Number","Total","2014","5",""
"From 60 to 64 years","Primary education","Greece","Number","Total","2017","780",""
"From 60 to 64 years","Primary education","Spain","Number","Total","2014","9,760",""
"From 60 to 64 years","Primary education","Spain","Number","Total","2017","11,771",""
"From 60 to 64 years","Primary education","France","Number","Total","2014","3,686",""
"From 60 to 64 years","Primary education","France","Number","Total","2017","3,530",""
"From 60 to 64 years","Primary education","Croatia","Number","Total","2014",":",""
"From 60 to 64 years","Primary education","Croatia","Number","Total","2017","777",""
"From 60 to 64 years","Primary education","Italy","Number","Total","2014","32,185",""
"From 60 to 64 years","Primary education","Italy","Number","Total","2017","33,924",""
"From 60 to 64 years","Primary education","Cyprus","Number","Total","2014","12",""
"From 60 to 64 years","Primary education","Cyprus","Number","Total","2017","30",""
"From 60 to 64 years","Primary education","Latvia","Number","Total","2014","723",""
"From 60 to 64 years","Primary education","Latvia","Number","Total","2017","744",""
"From 60 to 64 years","Primary education","Lithuania","Number","Total","2014","470",""
"From 60 to 64 years","Primary education","Lithuania","Number","Total","2017","699",""
"From 60 to 64 years","Primary education","Luxembourg","Number","Total","2014","113",""
"From 60 to 64 years","Primary education","Luxembourg","Number","Total","2017","95",""
"From 60 to 64 years","Primary education","Hungary","Number","Total","2014","266",""
"From 60 to 64 years","Primary education","Hungary","Number","Total","2017","1,708",""
"From 60 to 64 years","Primary education","Malta","Number","Total","2014","42",""
"From 60 to 64 years","Primary education","Malta","Number","Total","2017","40",""
"From 60 to 64 years","Primary education","Netherlands","Number","Total","2014","8,758",""
"From 60 to 64 years","Primary education","Netherlands","Number","Total","2017","10,376",""
"From 60 to 64 years","Primary education","Austria","Number","Total","2014","761",""
"From 60 to 64 years","Primary education","Austria","Number","Total","2017","2,462",""
"From 60 to 64 years","Primary education","Poland","Number","Total","2014","2,953",""
"From 60 to 64 years","Primary education","Poland","Number","Total","2017","4,958",""
"From 60 to 64 years","Primary education","Portugal","Number","Total","2014","1,646",""
"From 60 to 64 years","Primary education","Portugal","Number","Total","2017","3,523",""
"From 60 to 64 years","Primary education","Romania","Number","Total","2014","2,210",""
"From 60 to 64 years","Primary education","Romania","Number","Total","2017","3,493",""
"From 60 to 64 years","Primary education","Slovenia","Number","Total","2014","39",""
"From 60 to 64 years","Primary education","Slovenia","Number","Total","2017","339",""
"From 60 to 64 years","Primary education","Slovakia","Number","Total","2014","672",""
"From 60 to 64 years","Primary education","Slovakia","Number","Total","2017","1,016",""
"From 60 to 64 years","Primary education","Finland","Number","Total","2014","958",""
"From 60 to 64 years","Primary education","Finland","Number","Total","2017","1,222",""
"From 60 to 64 years","Primary education","Sweden","Number","Total","2014","7,864",""
"From 60 to 64 years","Primary education","Sweden","Number","Total","2017","7,117",""
"From 60 to 64 years","Primary education","United Kingdom","Number","Total","2014","4,772",""
"From 60 to 64 years","Primary education","United Kingdom","Number","Total","2017","6,054",""
"From 60 to 64 years","Primary education","Iceland","Number","Total","2014","289",""
"From 60 to 64 years","Primary education","Iceland","Number","Total","2017","295",""
"From 60 to 64 years","Primary education","Liechtenstein","Number","Total","2014","7",""
"From 60 to 64 years","Primary education","Liechtenstein","Number","Total","2017",":",""
"From 60 to 64 years","Primary education","Norway","Number","Total","2014","4,594",""
"From 60 to 64 years","Primary education","Norway","Number","Total","2017","4,342",""
"From 60 to 64 years","Primary education","Switzerland","Number","Total","2014","3,138",""
"From 60 to 64 years","Primary education","Switzerland","Number","Total","2017","3,771",""
"From 60 to 64 years","Primary education","North Macedonia","Number","Total","2014","394",""
"From 60 to 64 years","Primary education","North Macedonia","Number","Total","2017","375",""
"From 60 to 64 years","Primary education","Serbia","Number","Total","2014",":",""
"From 60 to 64 years","Primary education","Serbia","Number","Total","2017",":",""
"From 60 to 64 years","Primary education","Turkey","Number","Total","2014","2,297",""
"From 60 to 64 years","Primary education","Turkey","Number","Total","2017","6,656",""
"From 60 to 64 years","Lower secondary education","European Union - 28 countries","Number","Total","2014","152,400","d"
"From 60 to 64 years","Lower secondary education","European Union - 28 countries","Number","Total","2017","179,043","d"
"From 60 to 64 years","Lower secondary education","Belgium","Number","Total","2014","1,344","d"
"From 60 to 64 years","Lower secondary education","Belgium","Number","Total","2017","1,648",""
"From 60 to 64 years","Lower secondary education","Bulgaria","Number","Total","2014","1,261",""
"From 60 to 64 years","Lower secondary education","Bulgaria","Number","Total","2017","1,738",""
"From 60 to 64 years","Lower secondary education","Czechia","Number","Total","2014","1,813",""
"From 60 to 64 years","Lower secondary education","Czechia","Number","Total","2017","2,341",""
"From 60 to 64 years","Lower secondary education","Denmark","Number","Total","2014","1,929",""
"From 60 to 64 years","Lower secondary education","Denmark","Number","Total","2017","7,200","d"
"From 60 to 64 years","Lower secondary education","Germany (until 1990 former territory of the FRG)","Number","Total","2014","63,967",""
"From 60 to 64 years","Lower secondary education","Germany (until 1990 former territory of the FRG)","Number","Total","2017","69,573","d"
"From 60 to 64 years","Lower secondary education","Estonia","Number","Total","2014","521",""
"From 60 to 64 years","Lower secondary education","Estonia","Number","Total","2017","559","d"
"From 60 to 64 years","Lower secondary education","Ireland","Number","Total","2014",":","d"
"From 60 to 64 years","Lower secondary education","Ireland","Number","Total","2017",":",""
"From 60 to 64 years","Lower secondary education","Greece","Number","Total","2014","1,405",""
"From 60 to 64 years","Lower secondary education","Greece","Number","Total","2017","2,858",""
"From 60 to 64 years","Lower secondary education","Spain","Number","Total","2014","5,848",""
"From 60 to 64 years","Lower secondary education","Spain","Number","Total","2017","7,532",""
"From 60 to 64 years","Lower secondary education","France","Number","Total","2014","11,219",""
"From 60 to 64 years","Lower secondary education","France","Number","Total","2017","14,276",""
"From 60 to 64 years","Lower secondary education","Croatia","Number","Total","2014","2,800",""
"From 60 to 64 years","Lower secondary education","Croatia","Number","Total","2017","1,628",""
"From 60 to 64 years","Lower secondary education","Italy","Number","Total","2014","29,599",""
"From 60 to 64 years","Lower secondary education","Italy","Number","Total","2017","29,616",""
"From 60 to 64 years","Lower secondary education","Cyprus","Number","Total","2014","35",""
"From 60 to 64 years","Lower secondary education","Cyprus","Number","Total","2017","201",""
"From 60 to 64 years","Lower secondary education","Latvia","Number","Total","2014","663",""
"From 60 to 64 years","Lower secondary education","Latvia","Number","Total","2017","740",""
"From 60 to 64 years","Lower secondary education","Lithuania","Number","Total","2014","1,880",""
"From 60 to 64 years","Lower secondary education","Lithuania","Number","Total","2017","2,386",""
"From 60 to 64 years","Lower secondary education","Luxembourg","Number","Total","2014","35",""
"From 60 to 64 years","Lower secondary education","Luxembourg","Number","Total","2017","73",""
"From 60 to 64 years","Lower secondary education","Hungary","Number","Total","2014","746",""
"From 60 to 64 years","Lower secondary education","Hungary","Number","Total","2017","3,342",""
"From 60 to 64 years","Lower secondary education","Malta","Number","Total","2014","36",""
"From 60 to 64 years","Lower secondary education","Malta","Number","Total","2017","30",""
"From 60 to 64 years","Lower secondary education","Netherlands","Number","Total","2014","6,882",""
"From 60 to 64 years","Lower secondary education","Netherlands","Number","Total","2017","7,615",""
"From 60 to 64 years","Lower secondary education","Austria","Number","Total","2014","1,549",""
"From 60 to 64 years","Lower secondary education","Austria","Number","Total","2017","4,904",""
"From 60 to 64 years","Lower secondary education","Poland","Number","Total","2014","2,392",""
"From 60 to 64 years","Lower secondary education","Poland","Number","Total","2017","4,069",""
"From 60 to 64 years","Lower secondary education","Portugal","Number","Total","2014","1,292",""
"From 60 to 64 years","Lower secondary education","Portugal","Number","Total","2017","2,740",""
"From 60 to 64 years","Lower secondary education","Romania","Number","Total","2014","4,554",""
"From 60 to 64 years","Lower secondary education","Romania","Number","Total","2017","3,858",""
"From 60 to 64 years","Lower secondary education","Slovenia","Number","Total","2014","194",""
"From 60 to 64 years","Lower secondary education","Slovenia","Number","Total","2017","351",""
"From 60 to 64 years","Lower secondary education","Slovakia","Number","Total","2014","1,475",""
"From 60 to 64 years","Lower secondary education","Slovakia","Number","Total","2017","2,082",""
"From 60 to 64 years","Lower secondary education","Finland","Number","Total","2014","950",""
"From 60 to 64 years","Lower secondary education","Finland","Number","Total","2017","1,186",""
"From 60 to 64 years","Lower secondary education","Sweden","Number","Total","2014","3,699",""
"From 60 to 64 years","Lower secondary education","Sweden","Number","Total","2017","3,359",""
"From 60 to 64 years","Lower secondary education","United Kingdom","Number","Total","2014","4,312",""
"From 60 to 64 years","Lower secondary education","United Kingdom","Number","Total","2017","3,137",""
"From 60 to 64 years","Lower secondary education","Iceland","Number","Total","2014","124",""
"From 60 to 64 years","Lower secondary education","Iceland","Number","Total","2017","126",""
"From 60 to 64 years","Lower secondary education","Liechtenstein","Number","Total","2014","8",""
"From 60 to 64 years","Lower secondary education","Liechtenstein","Number","Total","2017",":",""
"From 60 to 64 years","Lower secondary education","Norway","Number","Total","2014","2,162",""
"From 60 to 64 years","Lower secondary education","Norway","Number","Total","2017","2,043",""
"From 60 to 64 years","Lower secondary education","Switzerland","Number","Total","2014","2,566",""
"From 60 to 64 years","Lower secondary education","Switzerland","Number","Total","2017","2,639",""
"From 60 to 64 years","Lower secondary education","North Macedonia","Number","Total","2014","626",""
"From 60 to 64 years","Lower secondary education","North Macedonia","Number","Total","2017","687",""
"From 60 to 64 years","Lower secondary education","Serbia","Number","Total","2014",":",""
"From 60 to 64 years","Lower secondary education","Serbia","Number","Total","2017",":",""
"From 60 to 64 years","Lower secondary education","Turkey","Number","Total","2014","1,520",""
"From 60 to 64 years","Lower secondary education","Turkey","Number","Total","2017","3,917",""
"From 60 to 64 years","Upper secondary education","European Union - 28 countries","Number","Total","2014","138,556",""
"From 60 to 64 years","Upper secondary education","European Union - 28 countries","Number","Total","2017","158,726","d"
"From 60 to 64 years","Upper secondary education","Belgium","Number","Total","2014","2,346","d"
"From 60 to 64 years","Upper secondary education","Belgium","Number","Total","2017","2,998",""
"From 60 to 64 years","Upper secondary education","Bulgaria","Number","Total","2014","1,769",""
"From 60 to 64 years","Upper secondary education","Bulgaria","Number","Total","2017","2,163",""
"From 60 to 64 years","Upper secondary education","Czechia","Number","Total","2014","3,239",""
"From 60 to 64 years","Upper secondary education","Czechia","Number","Total","2017","3,998",""
"From 60 to 64 years","Upper secondary education","Denmark","Number","Total","2014","2,909",""
"From 60 to 64 years","Upper secondary education","Denmark","Number","Total","2017",":",""
"From 60 to 64 years","Upper secondary education","Germany (until 1990 former territory of the FRG)","Number","Total","2014","22,772",""
"From 60 to 64 years","Upper secondary education","Germany (until 1990 former territory of the FRG)","Number","Total","2017","22,803",""
"From 60 to 64 years","Upper secondary education","Estonia","Number","Total","2014","543","d"
"From 60 to 64 years","Upper secondary education","Estonia","Number","Total","2017","530","d"
"From 60 to 64 years","Upper secondary education","Ireland","Number","Total","2014","1,003","d"
"From 60 to 64 years","Upper secondary education","Ireland","Number","Total","2017","1,311","d"
"From 60 to 64 years","Upper secondary education","Greece","Number","Total","2014","1,694",""
"From 60 to 64 years","Upper secondary education","Greece","Number","Total","2017","3,039",""
"From 60 to 64 years","Upper secondary education","Spain","Number","Total","2014","6,120",""
"From 60 to 64 years","Upper secondary education","Spain","Number","Total","2017","7,918",""
"From 60 to 64 years","Upper secondary education","France","Number","Total","2014","16,773",""
"From 60 to 64 years","Upper secondary education","France","Number","Total","2017","13,092",""
"From 60 to 64 years","Upper secondary education","Croatia","Number","Total","2014","1,772",""
"From 60 to 64 years","Upper secondary education","Croatia","Number","Total","2017","1,720",""
"From 60 to 64 years","Upper secondary education","Italy","Number","Total","2014","34,788",""
"From 60 to 64 years","Upper secondary education","Italy","Number","Total","2017","46,450","d"
"From 60 to 64 years","Upper secondary education","Cyprus","Number","Total","2014","54",""
"From 60 to 64 years","Upper secondary education","Cyprus","Number","Total","2017","272",""
"From 60 to 64 years","Upper secondary education","Latvia","Number","Total","2014","720",""
"From 60 to 64 years","Upper secondary education","Latvia","Number","Total","2017","773",""
"From 60 to 64 years","Upper secondary education","Lithuania","Number","Total","2014","960",""
"From 60 to 64 years","Upper secondary education","Lithuania","Number","Total","2017","1,021",""
"From 60 to 64 years","Upper secondary education","Luxembourg","Number","Total","2014","109",""
"From 60 to 64 years","Upper secondary education","Luxembourg","Number","Total","2017","113",""
"From 60 to 64 years","Upper secondary education","Hungary","Number","Total","2014","1,334",""
"From 60 to 64 years","Upper secondary education","Hungary","Number","Total","2017","3,495",""
"From 60 to 64 years","Upper secondary education","Malta","Number","Total","2014","72",""
"From 60 to 64 years","Upper secondary education","Malta","Number","Total","2017","74",""
"From 60 to 64 years","Upper secondary education","Netherlands","Number","Total","2014","6,655",""
"From 60 to 64 years","Upper secondary education","Netherlands","Number","Total","2017","8,676",""
"From 60 to 64 years","Upper secondary education","Austria","Number","Total","2014","1,587",""
"From 60 to 64 years","Upper secondary education","Austria","Number","Total","2017","2,991",""
"From 60 to 64 years","Upper secondary education","Poland","Number","Total","2014","7,079",""
"From 60 to 64 years","Upper secondary education","Poland","Number","Total","2017","8,410",""
"From 60 to 64 years","Upper secondary education","Portugal","Number","Total","2014","1,147","d"
"From 60 to 64 years","Upper secondary education","Portugal","Number","Total","2017","2,613","d"
"From 60 to 64 years","Upper secondary education","Romania","Number","Total","2014","3,833",""
"From 60 to 64 years","Upper secondary education","Romania","Number","Total","2017","4,344",""
"From 60 to 64 years","Upper secondary education","Slovenia","Number","Total","2014","381",""
"From 60 to 64 years","Upper secondary education","Slovenia","Number","Total","2017","489",""
"From 60 to 64 years","Upper secondary education","Slovakia","Number","Total","2014","1,378",""
"From 60 to 64 years","Upper secondary education","Slovakia","Number","Total","2017","1,541",""
"From 60 to 64 years","Upper secondary education","Finland","Number","Total","2014","2,529",""
"From 60 to 64 years","Upper secondary education","Finland","Number","Total","2017","2,458",""
"From 60 to 64 years","Upper secondary education","Sweden","Number","Total","2014","4,717",""
"From 60 to 64 years","Upper secondary education","Sweden","Number","Total","2017","4,448",""
"From 60 to 64 years","Upper secondary education","United Kingdom","Number","Total","2014","10,273",""
"From 60 to 64 years","Upper secondary education","United Kingdom","Number","Total","2017","10,985",""
"From 60 to 64 years","Upper secondary education","Iceland","Number","Total","2014",":",""
"From 60 to 64 years","Upper secondary education","Iceland","Number","Total","2017",":",""
"From 60 to 64 years","Upper secondary education","Liechtenstein","Number","Total","2014","4",""
"From 60 to 64 years","Upper secondary education","Liechtenstein","Number","Total","2017",":",""
"From 60 to 64 years","Upper secondary education","Norway","Number","Total","2014","3,847","d"
"From 60 to 64 years","Upper secondary education","Norway","Number","Total","2017","3,400",""
"From 60 to 64 years","Upper secondary education","Switzerland","Number","Total","2014","2,737","d"
"From 60 to 64 years","Upper secondary education","Switzerland","Number","Total","2017","3,062","d"
"From 60 to 64 years","Upper secondary education","North Macedonia","Number","Total","2014",":",""
"From 60 to 64 years","Upper secondary education","North Macedonia","Number","Total","2017",":",""
"From 60 to 64 years","Upper secondary education","Serbia","Number","Total","2014",":",""
"From 60 to 64 years","Upper secondary education","Serbia","Number","Total","2017",":",""
"From 60 to 64 years","Upper secondary education","Turkey","Number","Total","2014","1,976",""
"From 60 to 64 years","Upper secondary education","Turkey","Number","Total","2017","4,766",""
"65 years or over","Primary education","European Union - 28 countries","Number","Total","2014","10,343","d"
"65 years or over","Primary education","European Union - 28 countries","Number","Total","2017","14,552","d"
"65 years or over","Primary education","Belgium","Number","Total","2014","73","d"
"65 years or over","Primary education","Belgium","Number","Total","2017","91",""
"65 years or over","Primary education","Bulgaria","Number","Total","2014","54",""
"65 years or over","Primary education","Bulgaria","Number","Total","2017","171",""
"65 years or over","Primary education","Czechia","Number","Total","2014","451",""
"65 years or over","Primary education","Czechia","Number","Total","2017","361",""
"65 years or over","Primary education","Denmark","Number","Total","2014","510",""
"65 years or over","Primary education","Denmark","Number","Total","2017",":","d"
"65 years or over","Primary education","Germany (until 1990 former territory of the FRG)","Number","Total","2014","562",""
"65 years or over","Primary education","Germany (until 1990 former territory of the FRG)","Number","Total","2017","1,311","d"
"65 years or over","Primary education","Estonia","Number","Total","2014","293",""
"65 years or over","Primary education","Estonia","Number","Total","2017","405",""
"65 years or over","Primary education","Ireland","Number","Total","2014","94",""
"65 years or over","Primary education","Ireland","Number","Total","2017","154",""
"65 years or over","Primary education","Greece","Number","Total","2014","0",""
"65 years or over","Primary education","Greece","Number","Total","2017","52",""
"65 years or over","Primary education","Spain","Number","Total","2014","1,127",""
"65 years or over","Primary education","Spain","Number","Total","2017","1,112",""
"65 years or over","Primary education","France","Number","Total","2014","100",""
"65 years or over","Primary education","France","Number","Total","2017","90",""
"65 years or over","Primary education","Croatia","Number","Total","2014",":",""
"65 years or over","Primary education","Croatia","Number","Total","2017","33",""
"65 years or over","Primary education","Italy","Number","Total","2014","2,294",""
"65 years or over","Primary education","Italy","Number","Total","2017","3,392",""
"65 years or over","Primary education","Cyprus","Number","Total","2014","3",""
"65 years or over","Primary education","Cyprus","Number","Total","2017","5",""
"65 years or over","Primary education","Latvia","Number","Total","2014","264",""
"65 years or over","Primary education","Latvia","Number","Total","2017","322",""
"65 years or over","Primary education","Lithuania","Number","Total","2014","136",""
"65 years or over","Primary education","Lithuania","Number","Total","2017","159",""
"65 years or over","Primary education","Luxembourg","Number","Total","2014","4",""
"65 years or over","Primary education","Luxembourg","Number","Total","2017","2",""
"65 years or over","Primary education","Hungary","Number","Total","2014","15",""
"65 years or over","Primary education","Hungary","Number","Total","2017","24",""
"65 years or over","Primary education","Malta","Number","Total","2014","4",""
"65 years or over","Primary education","Malta","Number","Total","2017","3",""
"65 years or over","Primary education","Netherlands","Number","Total","2014","234",""
"65 years or over","Primary education","Netherlands","Number","Total","2017","686",""
"65 years or over","Primary education","Austria","Number","Total","2014","30",""
"65 years or over","Primary education","Austria","Number","Total","2017","33",""
"65 years or over","Primary education","Poland","Number","Total","2014","763",""
"65 years or over","Primary education","Poland","Number","Total","2017","1,165",""
"65 years or over","Primary education","Portugal","Number","Total","2014","104",""
"65 years or over","Primary education","Portugal","Number","Total","2017","367",""
"65 years or over","Primary education","Romania","Number","Total","2014","311",""
"65 years or over","Primary education","Romania","Number","Total","2017","503",""
"65 years or over","Primary education","Slovenia","Number","Total","2014","3",""
"65 years or over","Primary education","Slovenia","Number","Total","2017","11",""
"65 years or over","Primary education","Slovakia","Number","Total","2014","111",""
"65 years or over","Primary education","Slovakia","Number","Total","2017","145",""
"65 years or over","Primary education","Finland","Number","Total","2014","109",""
"65 years or over","Primary education","Finland","Number","Total","2017","118",""
"65 years or over","Primary education","Sweden","Number","Total","2014","1,575",""
"65 years or over","Primary education","Sweden","Number","Total","2017","2,558",""
"65 years or over","Primary education","United Kingdom","Number","Total","2014","1,119",""
"65 years or over","Primary education","United Kingdom","Number","Total","2017","1,280",""
"65 years or over","Primary education","Iceland","Number","Total","2014","81",""
"65 years or over","Primary education","Iceland","Number","Total","2017","132",""
"65 years or over","Primary education","Liechtenstein","Number","Total","2014","1",""
"65 years or over","Primary education","Liechtenstein","Number","Total","2017",":",""
"65 years or over","Primary education","Norway","Number","Total","2014","1,119",""
"65 years or over","Primary education","Norway","Number","Total","2017","1,336",""
"65 years or over","Primary education","Switzerland","Number","Total","2014","140",""
"65 years or over","Primary education","Switzerland","Number","Total","2017","232",""
"65 years or over","Primary education","North Macedonia","Number","Total","2014","1",""
"65 years or over","Primary education","North Macedonia","Number","Total","2017","17",""
"65 years or over","Primary education","Serbia","Number","Total","2014",":",""
"65 years or over","Primary education","Serbia","Number","Total","2017",":",""
"65 years or over","Primary education","Turkey","Number","Total","2014","14",""
"65 years or over","Primary education","Turkey","Number","Total","2017","13",""
"65 years or over","Lower secondary education","European Union - 28 countries","Number","Total","2014","13,412","d"
"65 years or over","Lower secondary education","European Union - 28 countries","Number","Total","2017","21,844","d"
"65 years or over","Lower secondary education","Belgium","Number","Total","2014","87","d"
"65 years or over","Lower secondary education","Belgium","Number","Total","2017","126",""
"65 years or over","Lower secondary education","Bulgaria","Number","Total","2014","119",""
"65 years or over","Lower secondary education","Bulgaria","Number","Total","2017","251",""
"65 years or over","Lower secondary education","Czechia","Number","Total","2014","764",""
"65 years or over","Lower secondary education","Czechia","Number","Total","2017","603",""
"65 years or over","Lower secondary education","Denmark","Number","Total","2014","278",""
"65 years or over","Lower secondary education","Denmark","Number","Total","2017","5,430","d"
"65 years or over","Lower secondary education","Germany (until 1990 former territory of the FRG)","Number","Total","2014","1,581",""
"65 years or over","Lower secondary education","Germany (until 1990 former territory of the FRG)","Number","Total","2017","3,148","d"
"65 years or over","Lower secondary education","Estonia","Number","Total","2014","362",""
"65 years or over","Lower secondary education","Estonia","Number","Total","2017","421","d"
"65 years or over","Lower secondary education","Ireland","Number","Total","2014",":","d"
"65 years or over","Lower secondary education","Ireland","Number","Total","2017",":",""
"65 years or over","Lower secondary education","Greece","Number","Total","2014","112",""
"65 years or over","Lower secondary education","Greece","Number","Total","2017","263",""
"65 years or over","Lower secondary education","Spain","Number","Total","2014","806",""
"65 years or over","Lower secondary education","Spain","Number","Total","2017","836",""
"65 years or over","Lower secondary education","France","Number","Total","2014","332",""
"65 years or over","Lower secondary education","France","Number","Total","2017","536",""
"65 years or over","Lower secondary education","Croatia","Number","Total","2014","180",""
"65 years or over","Lower secondary education","Croatia","Number","Total","2017","71",""
"65 years or over","Lower secondary education","Italy","Number","Total","2014","2,396",""
"65 years or over","Lower secondary education","Italy","Number","Total","2017","2,922",""
"65 years or over","Lower secondary education","Cyprus","Number","Total","2014","6",""
"65 years or over","Lower secondary education","Cyprus","Number","Total","2017","3",""
"65 years or over","Lower secondary education","Latvia","Number","Total","2014","244",""
"65 years or over","Lower secondary education","Latvia","Number","Total","2017","349",""
"65 years or over","Lower secondary education","Lithuania","Number","Total","2014","703",""
"65 years or over","Lower secondary education","Lithuania","Number","Total","2017","599",""
"65 years or over","Lower secondary education","Luxembourg","Number","Total","2014","0",""
"65 years or over","Lower secondary education","Luxembourg","Number","Total","2017","1",""
"65 years or over","Lower secondary education","Hungary","Number","Total","2014","64",""
"65 years or over","Lower secondary education","Hungary","Number","Total","2017","104",""
"65 years or over","Lower secondary education","Malta","Number","Total","2014","6",""
"65 years or over","Lower secondary education","Malta","Number","Total","2017","0",""
"65 years or over","Lower secondary education","Netherlands","Number","Total","2014","297",""
"65 years or over","Lower secondary education","Netherlands","Number","Total","2017","933",""
"65 years or over","Lower secondary education","Austria","Number","Total","2014","48",""
"65 years or over","Lower secondary education","Austria","Number","Total","2017","43",""
"65 years or over","Lower secondary education","Poland","Number","Total","2014","654",""
"65 years or over","Lower secondary education","Poland","Number","Total","2017","1,019",""
"65 years or over","Lower secondary education","Portugal","Number","Total","2014","82",""
"65 years or over","Lower secondary education","Portugal","Number","Total","2017","350",""
"65 years or over","Lower secondary education","Romania","Number","Total","2014","885",""
"65 years or over","Lower secondary education","Romania","Number","Total","2017","1,384",""
"65 years or over","Lower secondary education","Slovenia","Number","Total","2014","24",""
"65 years or over","Lower secondary education","Slovenia","Number","Total","2017","13",""
"65 years or over","Lower secondary education","Slovakia","Number","Total","2014","325",""
"65 years or over","Lower secondary education","Slovakia","Number","Total","2017","462",""
"65 years or over","Lower secondary education","Finland","Number","Total","2014","126",""
"65 years or over","Lower secondary education","Finland","Number","Total","2017","96",""
"65 years or over","Lower secondary education","Sweden","Number","Total","2014","704",""
"65 years or over","Lower secondary education","Sweden","Number","Total","2017","1,144",""
"65 years or over","Lower secondary education","United Kingdom","Number","Total","2014","2,227",""
"65 years or over","Lower secondary education","United Kingdom","Number","Total","2017","738",""
"65 years or over","Lower secondary education","Iceland","Number","Total","2014","35",""
"65 years or over","Lower secondary education","Iceland","Number","Total","2017","57",""
"65 years or over","Lower secondary education","Liechtenstein","Number","Total","2014","4",""
"65 years or over","Lower secondary education","Liechtenstein","Number","Total","2017",":",""
"65 years or over","Lower secondary education","Norway","Number","Total","2014","526",""
"65 years or over","Lower secondary education","Norway","Number","Total","2017","629",""
"65 years or over","Lower secondary education","Switzerland","Number","Total","2014","154",""
"65 years or over","Lower secondary education","Switzerland","Number","Total","2017","174",""
"65 years or over","Lower secondary education","North Macedonia","Number","Total","2014","5",""
"65 years or over","Lower secondary education","North Macedonia","Number","Total","2017","40",""
"65 years or over","Lower secondary education","Serbia","Number","Total","2014",":",""
"65 years or over","Lower secondary education","Serbia","Number","Total","2017",":",""
"65 years or over","Lower secondary education","Turkey","Number","Total","2014","3",""
"65 years or over","Lower secondary education","Turkey","Number","Total","2017","8",""
"65 years or over","Upper secondary education","European Union - 28 countries","Number","Total","2014","25,391",""
"65 years or over","Upper secondary education","European Union - 28 countries","Number","Total","2017","24,649","d"
"65 years or over","Upper secondary education","Belgium","Number","Total","2014","177","d"
"65 years or over","Upper secondary education","Belgium","Number","Total","2017","285",""
"65 years or over","Upper secondary education","Bulgaria","Number","Total","2014","259",""
"65 years or over","Upper secondary education","Bulgaria","Number","Total","2017","422",""
"65 years or over","Upper secondary education","Czechia","Number","Total","2014","1,301",""
"65 years or over","Upper secondary education","Czechia","Number","Total","2017","1,210",""
"65 years or over","Upper secondary education","Denmark","Number","Total","2014","1,115",""
"65 years or over","Upper secondary education","Denmark","Number","Total","2017",":",""
"65 years or over","Upper secondary education","Germany (until 1990 former territory of the FRG)","Number","Total","2014","964",""
"65 years or over","Upper secondary education","Germany (until 1990 former territory of the FRG)","Number","Total","2017","1,589",""
"65 years or over","Upper secondary education","Estonia","Number","Total","2014","431","d"
"65 years or over","Upper secondary education","Estonia","Number","Total","2017","476","d"
"65 years or over","Upper secondary education","Ireland","Number","Total","2014","117","d"
"65 years or over","Upper secondary education","Ireland","Number","Total","2017","186","d"
"65 years or over","Upper secondary education","Greece","Number","Total","2014","183",""
"65 years or over","Upper secondary education","Greece","Number","Total","2017","336",""
"65 years or over","Upper secondary education","Spain","Number","Total","2014","829",""
"65 years or over","Upper secondary education","Spain","Number","Total","2017","803",""
"65 years or over","Upper secondary education","France","Number","Total","2014","525",""
"65 years or over","Upper secondary education","France","Number","Total","2017","476",""
"65 years or over","Upper secondary education","Croatia","Number","Total","2014","84",""
"65 years or over","Upper secondary education","Croatia","Number","Total","2017","147",""
"65 years or over","Upper secondary education","Italy","Number","Total","2014","3,072",""
"65 years or over","Upper secondary education","Italy","Number","Total","2017","3,751","d"
"65 years or over","Upper secondary education","Cyprus","Number","Total","2014","5",""
"65 years or over","Upper secondary education","Cyprus","Number","Total","2017","5",""
"65 years or over","Upper secondary education","Latvia","Number","Total","2014","390",""
"65 years or over","Upper secondary education","Latvia","Number","Total","2017","389",""
"65 years or over","Upper secondary education","Lithuania","Number","Total","2014","423",""
"65 years or over","Upper secondary education","Lithuania","Number","Total","2017","389",""
"65 years or over","Upper secondary education","Luxembourg","Number","Total","2014","10",""
"65 years or over","Upper secondary education","Luxembourg","Number","Total","2017","7",""
"65 years or over","Upper secondary education","Hungary","Number","Total","2014","273",""
"65 years or over","Upper secondary education","Hungary","Number","Total","2017","310",""
"65 years or over","Upper secondary education","Malta","Number","Total","2014","7",""
"65 years or over","Upper secondary education","Malta","Number","Total","2017","15",""
"65 years or over","Upper secondary education","Netherlands","Number","Total","2014","226",""
"65 years or over","Upper secondary education","Netherlands","Number","Total","2017","934",""
"65 years or over","Upper secondary education","Austria","Number","Total","2014","90",""
"65 years or over","Upper secondary education","Austria","Number","Total","2017","81",""
"65 years or over","Upper secondary education","Poland","Number","Total","2014","3,185",""
"65 years or over","Upper secondary education","Poland","Number","Total","2017","3,694",""
"65 years or over","Upper secondary education","Portugal","Number","Total","2014","150","d"
"65 years or over","Upper secondary education","Portugal","Number","Total","2017","392","d"
"65 years or over","Upper secondary education","Romania","Number","Total","2014","549",""
"65 years or over","Upper secondary education","Romania","Number","Total","2017","1,178",""
"65 years or over","Upper secondary education","Slovenia","Number","Total","2014","63",""
"65 years or over","Upper secondary education","Slovenia","Number","Total","2017","35",""
"65 years or over","Upper secondary education","Slovakia","Number","Total","2014","393",""
"65 years or over","Upper secondary education","Slovakia","Number","Total","2017","872",""
"65 years or over","Upper secondary education","Finland","Number","Total","2014","276",""
"65 years or over","Upper secondary education","Finland","Number","Total","2017","266",""
"65 years or over","Upper secondary education","Sweden","Number","Total","2014","1,296",""
"65 years or over","Upper secondary education","Sweden","Number","Total","2017","1,589",""
"65 years or over","Upper secondary education","United Kingdom","Number","Total","2014","8,999",""
"65 years or over","Upper secondary education","United Kingdom","Number","Total","2017","4,813",""
"65 years or over","Upper secondary education","Iceland","Number","Total","2014",":",""
"65 years or over","Upper secondary education","Iceland","Number","Total","2017",":",""
"65 years or over","Upper secondary education","Liechtenstein","Number","Total","2014","0",""
"65 years or over","Upper secondary education","Liechtenstein","Number","Total","2017",":",""
"65 years or over","Upper secondary education","Norway","Number","Total","2014","1,402","d"
"65 years or over","Upper secondary education","Norway","Number","Total","2017","1,317",""
"65 years or over","Upper secondary education","Switzerland","Number","Total","2014","304","d"
"65 years or over","Upper secondary education","Switzerland","Number","Total","2017","306","d"
"65 years or over","Upper secondary education","North Macedonia","Number","Total","2014",":",""
"65 years or over","Upper secondary education","North Macedonia","Number","Total","2017",":",""
"65 years or over","Upper secondary education","Serbia","Number","Total","2014",":",""
"65 years or over","Upper secondary education","Serbia","Number","Total","2017",":",""
"65 years or over","Upper secondary education","Turkey","Number","Total","2014","6",""
"65 years or over","Upper secondary education","Turkey","Number","Total","2017","10",""
