"x","y","type","country"
1999.25,2,"1","Austria"
1999.5,2,"1","Austria"
1999.75,2,"1","Austria"
2000,2,"1","Austria"
2000.25,2,"1","Austria"
2000.5,2,"1","Austria"
2000.75,2,"1","Austria"
2001,2,"1","Austria"
2001.25,2,"2","Austria"
2001.5,2,"2","Austria"
2001.75,2,"1","Austria"
2002,2,"1","Austria"
2002.25,2,"1","Austria"
2002.5,2,"1","Austria"
2002.75,2,"1","Austria"
2003,2,"1","Austria"
2003.25,2,"1","Austria"
2003.5,2,"1","Austria"
2003.75,2,"1","Austria"
2004,2,"1","Austria"
2004.25,2,"1","Austria"
2004.5,2,"1","Austria"
2004.75,2,"1","Austria"
2005,2,"1","Austria"
2005.25,2,"1","Austria"
2005.5,2,"1","Austria"
2005.75,2,"1","Austria"
2006,2,"1","Austria"
2006.25,2,"1","Austria"
2006.5,2,"1","Austria"
2006.75,2,"1","Austria"
2007,2,"1","Austria"
2007.25,2,"1","Austria"
2007.5,2,"1","Austria"
2007.75,2,"1","Austria"
2008,2,"1","Austria"
2008.25,2,"1","Austria"
2008.5,2,"2","Austria"
2008.75,2,"2","Austria"
2009,2,"2","Austria"
2009.25,2,"2","Austria"
2009.5,2,"2","Austria"
2009.75,2,"1","Austria"
2010,2,"1","Austria"
2010.25,2,"1","Austria"
2010.5,2,"1","Austria"
2010.75,2,"1","Austria"
2011,2,"1","Austria"
2011.25,2,"1","Austria"
2011.5,2,"1","Austria"
2011.75,2,"1","Austria"
2012,2,"1","Austria"
2012.25,2,"1","Austria"
2012.5,2,"1","Austria"
2012.75,2,"1","Austria"
2013,2,"2","Austria"
2013.25,2,"2","Austria"
2013.5,2,"1","Austria"
2013.75,2,"1","Austria"
2014,2,"1","Austria"
2014.25,2,"1","Austria"
2014.5,2,"1","Austria"
2014.75,2,"1","Austria"
2015,2,"1","Austria"
2015.25,2,"1","Austria"
2015.5,2,"1","Austria"
2015.75,2,"1","Austria"
2016,2,"1","Austria"
2016.25,2,"1","Austria"
2016.5,2,"1","Austria"
2016.75,2,"1","Austria"
2017,2,"1","Austria"
2017.25,2,"1","Austria"
2017.5,2,"1","Austria"
2017.75,2,"1","Austria"
2018,2,"1","Austria"
2018.25,2,"1","Austria"
2018.5,2,"1","Austria"
2018.75,2,"1","Austria"
2019,2,"1","Austria"
2019.25,2,"1","Austria"
2019.5,2,"1","Austria"
1999.25,3,"1","Belgium"
1999.5,3,"1","Belgium"
1999.75,3,"1","Belgium"
2000,3,"1","Belgium"
2000.25,3,"1","Belgium"
2000.5,3,"1","Belgium"
2000.75,3,"1","Belgium"
2001,3,"1","Belgium"
2001.25,3,"2","Belgium"
2001.5,3,"2","Belgium"
2001.75,3,"2","Belgium"
2002,3,"2","Belgium"
2002.25,3,"1","Belgium"
2002.5,3,"1","Belgium"
2002.75,3,"1","Belgium"
2003,3,"1","Belgium"
2003.25,3,"1","Belgium"
2003.5,3,"1","Belgium"
2003.75,3,"1","Belgium"
2004,3,"1","Belgium"
2004.25,3,"1","Belgium"
2004.5,3,"1","Belgium"
2004.75,3,"1","Belgium"
2005,3,"1","Belgium"
2005.25,3,"1","Belgium"
2005.5,3,"1","Belgium"
2005.75,3,"1","Belgium"
2006,3,"1","Belgium"
2006.25,3,"1","Belgium"
2006.5,3,"1","Belgium"
2006.75,3,"1","Belgium"
2007,3,"1","Belgium"
2007.25,3,"1","Belgium"
2007.5,3,"1","Belgium"
2007.75,3,"1","Belgium"
2008,3,"1","Belgium"
2008.25,3,"1","Belgium"
2008.5,3,"1","Belgium"
2008.75,3,"2","Belgium"
2009,3,"2","Belgium"
2009.25,3,"2","Belgium"
2009.5,3,"2","Belgium"
2009.75,3,"1","Belgium"
2010,3,"1","Belgium"
2010.25,3,"1","Belgium"
2010.5,3,"1","Belgium"
2010.75,3,"1","Belgium"
2011,3,"1","Belgium"
2011.25,3,"1","Belgium"
2011.5,3,"1","Belgium"
2011.75,3,"1","Belgium"
2012,3,"1","Belgium"
2012.25,3,"1","Belgium"
2012.5,3,"2","Belgium"
2012.75,3,"2","Belgium"
2013,3,"2","Belgium"
2013.25,3,"2","Belgium"
2013.5,3,"1","Belgium"
2013.75,3,"1","Belgium"
2014,3,"1","Belgium"
2014.25,3,"1","Belgium"
2014.5,3,"1","Belgium"
2014.75,3,"1","Belgium"
2015,3,"1","Belgium"
2015.25,3,"1","Belgium"
2015.5,3,"1","Belgium"
2015.75,3,"1","Belgium"
2016,3,"1","Belgium"
2016.25,3,"1","Belgium"
2016.5,3,"1","Belgium"
2016.75,3,"1","Belgium"
2017,3,"1","Belgium"
2017.25,3,"1","Belgium"
2017.5,3,"1","Belgium"
2017.75,3,"1","Belgium"
2018,3,"1","Belgium"
2018.25,3,"1","Belgium"
2018.5,3,"1","Belgium"
2018.75,3,"1","Belgium"
2019,3,"1","Belgium"
2019.25,3,"1","Belgium"
2019.5,3,"1","Belgium"
1999.25,4,"1","Finland"
1999.5,4,"1","Finland"
1999.75,4,"1","Finland"
2000,4,"1","Finland"
2000.25,4,"1","Finland"
2000.5,4,"1","Finland"
2000.75,4,"1","Finland"
2001,4,"1","Finland"
2001.25,4,"1","Finland"
2001.5,4,"1","Finland"
2001.75,4,"1","Finland"
2002,4,"1","Finland"
2002.25,4,"1","Finland"
2002.5,4,"1","Finland"
2002.75,4,"1","Finland"
2003,4,"1","Finland"
2003.25,4,"1","Finland"
2003.5,4,"1","Finland"
2003.75,4,"1","Finland"
2004,4,"1","Finland"
2004.25,4,"1","Finland"
2004.5,4,"1","Finland"
2004.75,4,"1","Finland"
2005,4,"1","Finland"
2005.25,4,"1","Finland"
2005.5,4,"1","Finland"
2005.75,4,"1","Finland"
2006,4,"1","Finland"
2006.25,4,"1","Finland"
2006.5,4,"1","Finland"
2006.75,4,"1","Finland"
2007,4,"1","Finland"
2007.25,4,"1","Finland"
2007.5,4,"1","Finland"
2007.75,4,"1","Finland"
2008,4,"1","Finland"
2008.25,4,"2","Finland"
2008.5,4,"2","Finland"
2008.75,4,"2","Finland"
2009,4,"2","Finland"
2009.25,4,"2","Finland"
2009.5,4,"2","Finland"
2009.75,4,"1","Finland"
2010,4,"1","Finland"
2010.25,4,"1","Finland"
2010.5,4,"1","Finland"
2010.75,4,"1","Finland"
2011,4,"1","Finland"
2011.25,4,"1","Finland"
2011.5,4,"1","Finland"
2011.75,4,"1","Finland"
2012,4,"1","Finland"
2012.25,4,"1","Finland"
2012.5,4,"2","Finland"
2012.75,4,"2","Finland"
2013,4,"2","Finland"
2013.25,4,"2","Finland"
2013.5,4,"1","Finland"
2013.75,4,"1","Finland"
2014,4,"2","Finland"
2014.25,4,"2","Finland"
2014.5,4,"2","Finland"
2014.75,4,"1","Finland"
2015,4,"2","Finland"
2015.25,4,"2","Finland"
2015.5,4,"1","Finland"
2015.75,4,"1","Finland"
2016,4,"1","Finland"
2016.25,4,"1","Finland"
2016.5,4,"1","Finland"
2016.75,4,"1","Finland"
2017,4,"1","Finland"
2017.25,4,"1","Finland"
2017.5,4,"1","Finland"
2017.75,4,"1","Finland"
2018,4,"1","Finland"
2018.25,4,"1","Finland"
2018.5,4,"1","Finland"
2018.75,4,"1","Finland"
2019,4,"1","Finland"
2019.25,4,"1","Finland"
2019.5,4,"1","Finland"
1999.25,5,"1","France"
1999.5,5,"1","France"
1999.75,5,"1","France"
2000,5,"1","France"
2000.25,5,"1","France"
2000.5,5,"1","France"
2000.75,5,"1","France"
2001,5,"1","France"
2001.25,5,"1","France"
2001.5,5,"1","France"
2001.75,5,"1","France"
2002,5,"1","France"
2002.25,5,"1","France"
2002.5,5,"1","France"
2002.75,5,"1","France"
2003,5,"1","France"
2003.25,5,"1","France"
2003.5,5,"1","France"
2003.75,5,"1","France"
2004,5,"1","France"
2004.25,5,"1","France"
2004.5,5,"1","France"
2004.75,5,"1","France"
2005,5,"1","France"
2005.25,5,"1","France"
2005.5,5,"1","France"
2005.75,5,"1","France"
2006,5,"1","France"
2006.25,5,"1","France"
2006.5,5,"1","France"
2006.75,5,"1","France"
2007,5,"1","France"
2007.25,5,"1","France"
2007.5,5,"1","France"
2007.75,5,"1","France"
2008,5,"1","France"
2008.25,5,"1","France"
2008.5,5,"2","France"
2008.75,5,"2","France"
2009,5,"2","France"
2009.25,5,"2","France"
2009.5,5,"2","France"
2009.75,5,"1","France"
2010,5,"1","France"
2010.25,5,"1","France"
2010.5,5,"1","France"
2010.75,5,"1","France"
2011,5,"1","France"
2011.25,5,"1","France"
2011.5,5,"1","France"
2011.75,5,"1","France"
2012,5,"1","France"
2012.25,5,"1","France"
2012.5,5,"1","France"
2012.75,5,"1","France"
2013,5,"2","France"
2013.25,5,"2","France"
2013.5,5,"1","France"
2013.75,5,"1","France"
2014,5,"1","France"
2014.25,5,"1","France"
2014.5,5,"1","France"
2014.75,5,"1","France"
2015,5,"1","France"
2015.25,5,"1","France"
2015.5,5,"1","France"
2015.75,5,"1","France"
2016,5,"1","France"
2016.25,5,"1","France"
2016.5,5,"1","France"
2016.75,5,"1","France"
2017,5,"1","France"
2017.25,5,"1","France"
2017.5,5,"1","France"
2017.75,5,"1","France"
2018,5,"1","France"
2018.25,5,"1","France"
2018.5,5,"1","France"
2018.75,5,"1","France"
2019,5,"1","France"
2019.25,5,"1","France"
2019.5,5,"1","France"
1999.25,6,"1","Germany"
1999.5,6,"1","Germany"
1999.75,6,"1","Germany"
2000,6,"1","Germany"
2000.25,6,"1","Germany"
2000.5,6,"1","Germany"
2000.75,6,"2","Germany"
2001,6,"2","Germany"
2001.25,6,"1","Germany"
2001.5,6,"2","Germany"
2001.75,6,"2","Germany"
2002,6,"2","Germany"
2002.25,6,"2","Germany"
2002.5,6,"1","Germany"
2002.75,6,"1","Germany"
2003,6,"2","Germany"
2003.25,6,"2","Germany"
2003.5,6,"1","Germany"
2003.75,6,"1","Germany"
2004,6,"1","Germany"
2004.25,6,"1","Germany"
2004.5,6,"1","Germany"
2004.75,6,"2","Germany"
2005,6,"2","Germany"
2005.25,6,"2","Germany"
2005.5,6,"1","Germany"
2005.75,6,"1","Germany"
2006,6,"1","Germany"
2006.25,6,"1","Germany"
2006.5,6,"1","Germany"
2006.75,6,"1","Germany"
2007,6,"1","Germany"
2007.25,6,"1","Germany"
2007.5,6,"1","Germany"
2007.75,6,"1","Germany"
2008,6,"1","Germany"
2008.25,6,"1","Germany"
2008.5,6,"2","Germany"
2008.75,6,"2","Germany"
2009,6,"2","Germany"
2009.25,6,"2","Germany"
2009.5,6,"1","Germany"
2009.75,6,"1","Germany"
2010,6,"1","Germany"
2010.25,6,"1","Germany"
2010.5,6,"1","Germany"
2010.75,6,"1","Germany"
2011,6,"1","Germany"
2011.25,6,"1","Germany"
2011.5,6,"1","Germany"
2011.75,6,"1","Germany"
2012,6,"1","Germany"
2012.25,6,"1","Germany"
2012.5,6,"1","Germany"
2012.75,6,"1","Germany"
2013,6,"2","Germany"
2013.25,6,"2","Germany"
2013.5,6,"1","Germany"
2013.75,6,"1","Germany"
2014,6,"1","Germany"
2014.25,6,"1","Germany"
2014.5,6,"1","Germany"
2014.75,6,"1","Germany"
2015,6,"1","Germany"
2015.25,6,"1","Germany"
2015.5,6,"1","Germany"
2015.75,6,"1","Germany"
2016,6,"1","Germany"
2016.25,6,"1","Germany"
2016.5,6,"1","Germany"
2016.75,6,"1","Germany"
2017,6,"1","Germany"
2017.25,6,"1","Germany"
2017.5,6,"1","Germany"
2017.75,6,"1","Germany"
2018,6,"1","Germany"
2018.25,6,"1","Germany"
2018.5,6,"1","Germany"
2018.75,6,"1","Germany"
2019,6,"1","Germany"
2019.25,6,"1","Germany"
2019.5,6,"1","Germany"
1999.25,7,"1","Ireland"
1999.5,7,"1","Ireland"
1999.75,7,"1","Ireland"
2000,7,"1","Ireland"
2000.25,7,"1","Ireland"
2000.5,7,"1","Ireland"
2000.75,7,"1","Ireland"
2001,7,"1","Ireland"
2001.25,7,"1","Ireland"
2001.5,7,"1","Ireland"
2001.75,7,"1","Ireland"
2002,7,"1","Ireland"
2002.25,7,"1","Ireland"
2002.5,7,"1","Ireland"
2002.75,7,"1","Ireland"
2003,7,"1","Ireland"
2003.25,7,"1","Ireland"
2003.5,7,"1","Ireland"
2003.75,7,"1","Ireland"
2004,7,"1","Ireland"
2004.25,7,"1","Ireland"
2004.5,7,"1","Ireland"
2004.75,7,"1","Ireland"
2005,7,"1","Ireland"
2005.25,7,"1","Ireland"
2005.5,7,"1","Ireland"
2005.75,7,"1","Ireland"
2006,7,"1","Ireland"
2006.25,7,"1","Ireland"
2006.5,7,"1","Ireland"
2006.75,7,"1","Ireland"
2007,7,"1","Ireland"
2007.25,7,"1","Ireland"
2007.5,7,"2","Ireland"
2007.75,7,"2","Ireland"
2008,7,"1","Ireland"
2008.25,7,"2","Ireland"
2008.5,7,"2","Ireland"
2008.75,7,"2","Ireland"
2009,7,"2","Ireland"
2009.25,7,"2","Ireland"
2009.5,7,"2","Ireland"
2009.75,7,"2","Ireland"
2010,7,"1","Ireland"
2010.25,7,"1","Ireland"
2010.5,7,"1","Ireland"
2010.75,7,"1","Ireland"
2011,7,"1","Ireland"
2011.25,7,"1","Ireland"
2011.5,7,"1","Ireland"
2011.75,7,"2","Ireland"
2012,7,"2","Ireland"
2012.25,7,"1","Ireland"
2012.5,7,"1","Ireland"
2012.75,7,"1","Ireland"
2013,7,"1","Ireland"
2013.25,7,"1","Ireland"
2013.5,7,"1","Ireland"
2013.75,7,"1","Ireland"
2014,7,"1","Ireland"
2014.25,7,"1","Ireland"
2014.5,7,"1","Ireland"
2014.75,7,"1","Ireland"
2015,7,"1","Ireland"
2015.25,7,"1","Ireland"
2015.5,7,"1","Ireland"
2015.75,7,"1","Ireland"
2016,7,"1","Ireland"
2016.25,7,"1","Ireland"
2016.5,7,"1","Ireland"
2016.75,7,"1","Ireland"
2017,7,"1","Ireland"
2017.25,7,"1","Ireland"
2017.5,7,"1","Ireland"
2017.75,7,"1","Ireland"
2018,7,"1","Ireland"
2018.25,7,"1","Ireland"
2018.5,7,"1","Ireland"
2018.75,7,"1","Ireland"
2019,7,"1","Ireland"
2019.25,7,"1","Ireland"
2019.5,7,"1","Ireland"
1999.25,8,"1","Italy"
1999.5,8,"1","Italy"
1999.75,8,"1","Italy"
2000,8,"1","Italy"
2000.25,8,"1","Italy"
2000.5,8,"1","Italy"
2000.75,8,"1","Italy"
2001,8,"1","Italy"
2001.25,8,"1","Italy"
2001.5,8,"2","Italy"
2001.75,8,"2","Italy"
2002,8,"1","Italy"
2002.25,8,"1","Italy"
2002.5,8,"1","Italy"
2002.75,8,"1","Italy"
2003,8,"1","Italy"
2003.25,8,"2","Italy"
2003.5,8,"2","Italy"
2003.75,8,"1","Italy"
2004,8,"1","Italy"
2004.25,8,"1","Italy"
2004.5,8,"1","Italy"
2004.75,8,"1","Italy"
2005,8,"1","Italy"
2005.25,8,"1","Italy"
2005.5,8,"1","Italy"
2005.75,8,"1","Italy"
2006,8,"1","Italy"
2006.25,8,"1","Italy"
2006.5,8,"1","Italy"
2006.75,8,"1","Italy"
2007,8,"1","Italy"
2007.25,8,"1","Italy"
2007.5,8,"2","Italy"
2007.75,8,"2","Italy"
2008,8,"2","Italy"
2008.25,8,"1","Italy"
2008.5,8,"2","Italy"
2008.75,8,"2","Italy"
2009,8,"2","Italy"
2009.25,8,"2","Italy"
2009.5,8,"2","Italy"
2009.75,8,"1","Italy"
2010,8,"1","Italy"
2010.25,8,"1","Italy"
2010.5,8,"1","Italy"
2010.75,8,"1","Italy"
2011,8,"1","Italy"
2011.25,8,"1","Italy"
2011.5,8,"1","Italy"
2011.75,8,"2","Italy"
2012,8,"2","Italy"
2012.25,8,"2","Italy"
2012.5,8,"2","Italy"
2012.75,8,"2","Italy"
2013,8,"2","Italy"
2013.25,8,"2","Italy"
2013.5,8,"2","Italy"
2013.75,8,"1","Italy"
2014,8,"1","Italy"
2014.25,8,"1","Italy"
2014.5,8,"1","Italy"
2014.75,8,"1","Italy"
2015,8,"1","Italy"
2015.25,8,"1","Italy"
2015.5,8,"1","Italy"
2015.75,8,"1","Italy"
2016,8,"1","Italy"
2016.25,8,"1","Italy"
2016.5,8,"1","Italy"
2016.75,8,"1","Italy"
2017,8,"1","Italy"
2017.25,8,"1","Italy"
2017.5,8,"1","Italy"
2017.75,8,"1","Italy"
2018,8,"1","Italy"
2018.25,8,"1","Italy"
2018.5,8,"1","Italy"
2018.75,8,"2","Italy"
2019,8,"2","Italy"
2019.25,8,"1","Italy"
2019.5,8,"1","Italy"
1999.25,9,"1","Luxembourg"
1999.5,9,"1","Luxembourg"
1999.75,9,"1","Luxembourg"
2000,9,"1","Luxembourg"
2000.25,9,"1","Luxembourg"
2000.5,9,"1","Luxembourg"
2000.75,9,"1","Luxembourg"
2001,9,"1","Luxembourg"
2001.25,9,"1","Luxembourg"
2001.5,9,"1","Luxembourg"
2001.75,9,"1","Luxembourg"
2002,9,"1","Luxembourg"
2002.25,9,"1","Luxembourg"
2002.5,9,"1","Luxembourg"
2002.75,9,"2","Luxembourg"
2003,9,"2","Luxembourg"
2003.25,9,"2","Luxembourg"
2003.5,9,"1","Luxembourg"
2003.75,9,"1","Luxembourg"
2004,9,"1","Luxembourg"
2004.25,9,"1","Luxembourg"
2004.5,9,"1","Luxembourg"
2004.75,9,"1","Luxembourg"
2005,9,"1","Luxembourg"
2005.25,9,"1","Luxembourg"
2005.5,9,"1","Luxembourg"
2005.75,9,"1","Luxembourg"
2006,9,"1","Luxembourg"
2006.25,9,"1","Luxembourg"
2006.5,9,"1","Luxembourg"
2006.75,9,"1","Luxembourg"
2007,9,"1","Luxembourg"
2007.25,9,"1","Luxembourg"
2007.5,9,"1","Luxembourg"
2007.75,9,"1","Luxembourg"
2008,9,"1","Luxembourg"
2008.25,9,"2","Luxembourg"
2008.5,9,"2","Luxembourg"
2008.75,9,"2","Luxembourg"
2009,9,"2","Luxembourg"
2009.25,9,"2","Luxembourg"
2009.5,9,"2","Luxembourg"
2009.75,9,"1","Luxembourg"
2010,9,"1","Luxembourg"
2010.25,9,"1","Luxembourg"
2010.5,9,"1","Luxembourg"
2010.75,9,"1","Luxembourg"
2011,9,"1","Luxembourg"
2011.25,9,"1","Luxembourg"
2011.5,9,"1","Luxembourg"
2011.75,9,"1","Luxembourg"
2012,9,"1","Luxembourg"
2012.25,9,"2","Luxembourg"
2012.5,9,"2","Luxembourg"
2012.75,9,"1","Luxembourg"
2013,9,"1","Luxembourg"
2013.25,9,"1","Luxembourg"
2013.5,9,"1","Luxembourg"
2013.75,9,"1","Luxembourg"
2014,9,"1","Luxembourg"
2014.25,9,"1","Luxembourg"
2014.5,9,"1","Luxembourg"
2014.75,9,"1","Luxembourg"
2015,9,"1","Luxembourg"
2015.25,9,"2","Luxembourg"
2015.5,9,"2","Luxembourg"
2015.75,9,"1","Luxembourg"
2016,9,"1","Luxembourg"
2016.25,9,"1","Luxembourg"
2016.5,9,"1","Luxembourg"
2016.75,9,"1","Luxembourg"
2017,9,"1","Luxembourg"
2017.25,9,"1","Luxembourg"
2017.5,9,"1","Luxembourg"
2017.75,9,"1","Luxembourg"
2018,9,"1","Luxembourg"
2018.25,9,"1","Luxembourg"
2018.5,9,"1","Luxembourg"
2018.75,9,"1","Luxembourg"
2019,9,"1","Luxembourg"
2019.25,9,"1","Luxembourg"
2019.5,9,"1","Luxembourg"
1999.25,10,"1","Netherlands"
1999.5,10,"1","Netherlands"
1999.75,10,"1","Netherlands"
2000,10,"1","Netherlands"
2000.25,10,"1","Netherlands"
2000.5,10,"1","Netherlands"
2000.75,10,"1","Netherlands"
2001,10,"1","Netherlands"
2001.25,10,"1","Netherlands"
2001.5,10,"1","Netherlands"
2001.75,10,"1","Netherlands"
2002,10,"1","Netherlands"
2002.25,10,"1","Netherlands"
2002.5,10,"1","Netherlands"
2002.75,10,"1","Netherlands"
2003,10,"1","Netherlands"
2003.25,10,"1","Netherlands"
2003.5,10,"1","Netherlands"
2003.75,10,"1","Netherlands"
2004,10,"1","Netherlands"
2004.25,10,"1","Netherlands"
2004.5,10,"1","Netherlands"
2004.75,10,"1","Netherlands"
2005,10,"1","Netherlands"
2005.25,10,"1","Netherlands"
2005.5,10,"1","Netherlands"
2005.75,10,"1","Netherlands"
2006,10,"1","Netherlands"
2006.25,10,"1","Netherlands"
2006.5,10,"1","Netherlands"
2006.75,10,"1","Netherlands"
2007,10,"1","Netherlands"
2007.25,10,"1","Netherlands"
2007.5,10,"1","Netherlands"
2007.75,10,"1","Netherlands"
2008,10,"1","Netherlands"
2008.25,10,"1","Netherlands"
2008.5,10,"1","Netherlands"
2008.75,10,"2","Netherlands"
2009,10,"2","Netherlands"
2009.25,10,"2","Netherlands"
2009.5,10,"1","Netherlands"
2009.75,10,"1","Netherlands"
2010,10,"1","Netherlands"
2010.25,10,"1","Netherlands"
2010.5,10,"1","Netherlands"
2010.75,10,"1","Netherlands"
2011,10,"1","Netherlands"
2011.25,10,"1","Netherlands"
2011.5,10,"1","Netherlands"
2011.75,10,"2","Netherlands"
2012,10,"2","Netherlands"
2012.25,10,"2","Netherlands"
2012.5,10,"2","Netherlands"
2012.75,10,"1","Netherlands"
2013,10,"2","Netherlands"
2013.25,10,"2","Netherlands"
2013.5,10,"1","Netherlands"
2013.75,10,"1","Netherlands"
2014,10,"1","Netherlands"
2014.25,10,"1","Netherlands"
2014.5,10,"1","Netherlands"
2014.75,10,"1","Netherlands"
2015,10,"1","Netherlands"
2015.25,10,"1","Netherlands"
2015.5,10,"1","Netherlands"
2015.75,10,"1","Netherlands"
2016,10,"1","Netherlands"
2016.25,10,"1","Netherlands"
2016.5,10,"1","Netherlands"
2016.75,10,"1","Netherlands"
2017,10,"1","Netherlands"
2017.25,10,"1","Netherlands"
2017.5,10,"1","Netherlands"
2017.75,10,"1","Netherlands"
2018,10,"1","Netherlands"
2018.25,10,"1","Netherlands"
2018.5,10,"1","Netherlands"
2018.75,10,"1","Netherlands"
2019,10,"1","Netherlands"
2019.25,10,"1","Netherlands"
2019.5,10,"1","Netherlands"
1999.25,11,"1","Portugal"
1999.5,11,"1","Portugal"
1999.75,11,"1","Portugal"
2000,11,"1","Portugal"
2000.25,11,"1","Portugal"
2000.5,11,"1","Portugal"
2000.75,11,"1","Portugal"
2001,11,"1","Portugal"
2001.25,11,"1","Portugal"
2001.5,11,"1","Portugal"
2001.75,11,"1","Portugal"
2002,11,"1","Portugal"
2002.25,11,"1","Portugal"
2002.5,11,"2","Portugal"
2002.75,11,"2","Portugal"
2003,11,"2","Portugal"
2003.25,11,"1","Portugal"
2003.5,11,"1","Portugal"
2003.75,11,"1","Portugal"
2004,11,"1","Portugal"
2004.25,11,"1","Portugal"
2004.5,11,"1","Portugal"
2004.75,11,"2","Portugal"
2005,11,"2","Portugal"
2005.25,11,"1","Portugal"
2005.5,11,"1","Portugal"
2005.75,11,"1","Portugal"
2006,11,"1","Portugal"
2006.25,11,"1","Portugal"
2006.5,11,"1","Portugal"
2006.75,11,"1","Portugal"
2007,11,"1","Portugal"
2007.25,11,"1","Portugal"
2007.5,11,"1","Portugal"
2007.75,11,"1","Portugal"
2008,11,"1","Portugal"
2008.25,11,"1","Portugal"
2008.5,11,"2","Portugal"
2008.75,11,"2","Portugal"
2009,11,"2","Portugal"
2009.25,11,"2","Portugal"
2009.5,11,"1","Portugal"
2009.75,11,"1","Portugal"
2010,11,"1","Portugal"
2010.25,11,"1","Portugal"
2010.5,11,"1","Portugal"
2010.75,11,"1","Portugal"
2011,11,"2","Portugal"
2011.25,11,"2","Portugal"
2011.5,11,"2","Portugal"
2011.75,11,"2","Portugal"
2012,11,"2","Portugal"
2012.25,11,"2","Portugal"
2012.5,11,"2","Portugal"
2012.75,11,"2","Portugal"
2013,11,"2","Portugal"
2013.25,11,"2","Portugal"
2013.5,11,"1","Portugal"
2013.75,11,"1","Portugal"
2014,11,"1","Portugal"
2014.25,11,"1","Portugal"
2014.5,11,"1","Portugal"
2014.75,11,"1","Portugal"
2015,11,"1","Portugal"
2015.25,11,"1","Portugal"
2015.5,11,"1","Portugal"
2015.75,11,"1","Portugal"
2016,11,"1","Portugal"
2016.25,11,"1","Portugal"
2016.5,11,"1","Portugal"
2016.75,11,"1","Portugal"
2017,11,"1","Portugal"
2017.25,11,"1","Portugal"
2017.5,11,"1","Portugal"
2017.75,11,"1","Portugal"
2018,11,"1","Portugal"
2018.25,11,"1","Portugal"
2018.5,11,"1","Portugal"
2018.75,11,"1","Portugal"
2019,11,"1","Portugal"
2019.25,11,"1","Portugal"
2019.5,11,"1","Portugal"
1999.25,12,"1","Spain"
1999.5,12,"1","Spain"
1999.75,12,"1","Spain"
2000,12,"1","Spain"
2000.25,12,"1","Spain"
2000.5,12,"1","Spain"
2000.75,12,"1","Spain"
2001,12,"1","Spain"
2001.25,12,"1","Spain"
2001.5,12,"1","Spain"
2001.75,12,"1","Spain"
2002,12,"1","Spain"
2002.25,12,"1","Spain"
2002.5,12,"1","Spain"
2002.75,12,"1","Spain"
2003,12,"1","Spain"
2003.25,12,"1","Spain"
2003.5,12,"1","Spain"
2003.75,12,"1","Spain"
2004,12,"1","Spain"
2004.25,12,"1","Spain"
2004.5,12,"1","Spain"
2004.75,12,"1","Spain"
2005,12,"1","Spain"
2005.25,12,"1","Spain"
2005.5,12,"1","Spain"
2005.75,12,"1","Spain"
2006,12,"1","Spain"
2006.25,12,"1","Spain"
2006.5,12,"1","Spain"
2006.75,12,"1","Spain"
2007,12,"1","Spain"
2007.25,12,"1","Spain"
2007.5,12,"1","Spain"
2007.75,12,"1","Spain"
2008,12,"1","Spain"
2008.25,12,"1","Spain"
2008.5,12,"1","Spain"
2008.75,12,"2","Spain"
2009,12,"2","Spain"
2009.25,12,"2","Spain"
2009.5,12,"2","Spain"
2009.75,12,"2","Spain"
2010,12,"2","Spain"
2010.25,12,"1","Spain"
2010.5,12,"1","Spain"
2010.75,12,"1","Spain"
2011,12,"2","Spain"
2011.25,12,"2","Spain"
2011.5,12,"2","Spain"
2011.75,12,"2","Spain"
2012,12,"2","Spain"
2012.25,12,"2","Spain"
2012.5,12,"2","Spain"
2012.75,12,"2","Spain"
2013,12,"2","Spain"
2013.25,12,"2","Spain"
2013.5,12,"2","Spain"
2013.75,12,"2","Spain"
2014,12,"2","Spain"
2014.25,12,"1","Spain"
2014.5,12,"1","Spain"
2014.75,12,"1","Spain"
2015,12,"1","Spain"
2015.25,12,"1","Spain"
2015.5,12,"1","Spain"
2015.75,12,"1","Spain"
2016,12,"1","Spain"
2016.25,12,"1","Spain"
2016.5,12,"1","Spain"
2016.75,12,"1","Spain"
2017,12,"1","Spain"
2017.25,12,"1","Spain"
2017.5,12,"1","Spain"
2017.75,12,"1","Spain"
2018,12,"1","Spain"
2018.25,12,"1","Spain"
2018.5,12,"1","Spain"
2018.75,12,"1","Spain"
2019,12,"1","Spain"
2019.25,12,"1","Spain"
2019.5,12,"1","Spain"
2001.25,13,"1","Greece"
2001.5,13,"1","Greece"
2001.75,13,"1","Greece"
2002,13,"1","Greece"
2002.25,13,"1","Greece"
2002.5,13,"1","Greece"
2002.75,13,"1","Greece"
2003,13,"1","Greece"
2003.25,13,"1","Greece"
2003.5,13,"1","Greece"
2003.75,13,"1","Greece"
2004,13,"1","Greece"
2004.25,13,"1","Greece"
2004.5,13,"1","Greece"
2004.75,13,"1","Greece"
2005,13,"2","Greece"
2005.25,13,"2","Greece"
2005.5,13,"1","Greece"
2005.75,13,"1","Greece"
2006,13,"1","Greece"
2006.25,13,"1","Greece"
2006.5,13,"1","Greece"
2006.75,13,"1","Greece"
2007,13,"1","Greece"
2007.25,13,"1","Greece"
2007.5,13,"1","Greece"
2007.75,13,"2","Greece"
2008,13,"2","Greece"
2008.25,13,"1","Greece"
2008.5,13,"2","Greece"
2008.75,13,"2","Greece"
2009,13,"2","Greece"
2009.25,13,"2","Greece"
2009.5,13,"1","Greece"
2009.75,13,"1","Greece"
2010,13,"1","Greece"
2010.25,13,"2","Greece"
2010.5,13,"2","Greece"
2010.75,13,"2","Greece"
2011,13,"2","Greece"
2011.25,13,"2","Greece"
2011.5,13,"2","Greece"
2011.75,13,"2","Greece"
2012,13,"2","Greece"
2012.25,13,"2","Greece"
2012.5,13,"2","Greece"
2012.75,13,"2","Greece"
2013,13,"1","Greece"
2013.25,13,"1","Greece"
2013.5,13,"1","Greece"
2013.75,13,"1","Greece"
2014,13,"1","Greece"
2014.25,13,"1","Greece"
2014.5,13,"1","Greece"
2014.75,13,"1","Greece"
2015,13,"1","Greece"
2015.25,13,"1","Greece"
2015.5,13,"1","Greece"
2015.75,13,"1","Greece"
2016,13,"2","Greece"
2016.25,13,"2","Greece"
2016.5,13,"1","Greece"
2016.75,13,"1","Greece"
2017,13,"1","Greece"
2017.25,13,"1","Greece"
2017.5,13,"1","Greece"
2017.75,13,"1","Greece"
2018,13,"1","Greece"
2018.25,13,"1","Greece"
2018.5,13,"1","Greece"
2018.75,13,"1","Greece"
2019,13,"1","Greece"
2019.25,13,"1","Greece"
2019.5,13,"1","Greece"
2007.25,14,"1","Slovenia"
2007.5,14,"1","Slovenia"
2007.75,14,"1","Slovenia"
2008,14,"1","Slovenia"
2008.25,14,"1","Slovenia"
2008.5,14,"1","Slovenia"
2008.75,14,"2","Slovenia"
2009,14,"2","Slovenia"
2009.25,14,"2","Slovenia"
2009.5,14,"2","Slovenia"
2009.75,14,"1","Slovenia"
2010,14,"1","Slovenia"
2010.25,14,"1","Slovenia"
2010.5,14,"1","Slovenia"
2010.75,14,"1","Slovenia"
2011,14,"1","Slovenia"
2011.25,14,"1","Slovenia"
2011.5,14,"1","Slovenia"
2011.75,14,"2","Slovenia"
2012,14,"2","Slovenia"
2012.25,14,"2","Slovenia"
2012.5,14,"2","Slovenia"
2012.75,14,"2","Slovenia"
2013,14,"2","Slovenia"
2013.25,14,"2","Slovenia"
2013.5,14,"1","Slovenia"
2013.75,14,"1","Slovenia"
2014,14,"1","Slovenia"
2014.25,14,"1","Slovenia"
2014.5,14,"1","Slovenia"
2014.75,14,"1","Slovenia"
2015,14,"1","Slovenia"
2015.25,14,"1","Slovenia"
2015.5,14,"1","Slovenia"
2015.75,14,"1","Slovenia"
2016,14,"1","Slovenia"
2016.25,14,"1","Slovenia"
2016.5,14,"1","Slovenia"
2016.75,14,"1","Slovenia"
2017,14,"1","Slovenia"
2017.25,14,"1","Slovenia"
2017.5,14,"1","Slovenia"
2017.75,14,"1","Slovenia"
2018,14,"1","Slovenia"
2018.25,14,"1","Slovenia"
2018.5,14,"1","Slovenia"
2018.75,14,"1","Slovenia"
2019,14,"1","Slovenia"
2019.25,14,"1","Slovenia"
2019.5,14,"1","Slovenia"
2008.25,15,"1","Cyprus"
2008.5,15,"1","Cyprus"
2008.75,15,"1","Cyprus"
2009,15,"2","Cyprus"
2009.25,15,"2","Cyprus"
2009.5,15,"2","Cyprus"
2009.75,15,"2","Cyprus"
2010,15,"1","Cyprus"
2010.25,15,"1","Cyprus"
2010.5,15,"1","Cyprus"
2010.75,15,"1","Cyprus"
2011,15,"1","Cyprus"
2011.25,15,"1","Cyprus"
2011.5,15,"1","Cyprus"
2011.75,15,"1","Cyprus"
2012,15,"1","Cyprus"
2012.25,15,"2","Cyprus"
2012.5,15,"2","Cyprus"
2012.75,15,"2","Cyprus"
2013,15,"2","Cyprus"
2013.25,15,"2","Cyprus"
2013.5,15,"2","Cyprus"
2013.75,15,"2","Cyprus"
2014,15,"2","Cyprus"
2014.25,15,"1","Cyprus"
2014.5,15,"2","Cyprus"
2014.75,15,"2","Cyprus"
2015,15,"2","Cyprus"
2015.25,15,"1","Cyprus"
2015.5,15,"1","Cyprus"
2015.75,15,"1","Cyprus"
2016,15,"1","Cyprus"
2016.25,15,"1","Cyprus"
2016.5,15,"1","Cyprus"
2016.75,15,"1","Cyprus"
2017,15,"1","Cyprus"
2017.25,15,"1","Cyprus"
2017.5,15,"1","Cyprus"
2017.75,15,"1","Cyprus"
2018,15,"1","Cyprus"
2018.25,15,"1","Cyprus"
2018.5,15,"1","Cyprus"
2018.75,15,"1","Cyprus"
2019,15,"1","Cyprus"
2019.25,15,"1","Cyprus"
2019.5,15,"1","Cyprus"
2008.25,16,"1","Malta"
2008.5,16,"1","Malta"
2008.75,16,"1","Malta"
2009,16,"2","Malta"
2009.25,16,"2","Malta"
2009.5,16,"1","Malta"
2009.75,16,"1","Malta"
2010,16,"1","Malta"
2010.25,16,"1","Malta"
2010.5,16,"1","Malta"
2010.75,16,"1","Malta"
2011,16,"1","Malta"
2011.25,16,"2","Malta"
2011.5,16,"2","Malta"
2011.75,16,"1","Malta"
2012,16,"1","Malta"
2012.25,16,"1","Malta"
2012.5,16,"1","Malta"
2012.75,16,"1","Malta"
2013,16,"1","Malta"
2013.25,16,"1","Malta"
2013.5,16,"1","Malta"
2013.75,16,"1","Malta"
2014,16,"1","Malta"
2014.25,16,"1","Malta"
2014.5,16,"1","Malta"
2014.75,16,"1","Malta"
2015,16,"1","Malta"
2015.25,16,"1","Malta"
2015.5,16,"1","Malta"
2015.75,16,"1","Malta"
2016,16,"1","Malta"
2016.25,16,"1","Malta"
2016.5,16,"1","Malta"
2016.75,16,"1","Malta"
2017,16,"1","Malta"
2017.25,16,"1","Malta"
2017.5,16,"1","Malta"
2017.75,16,"1","Malta"
2018,16,"1","Malta"
2018.25,16,"1","Malta"
2018.5,16,"1","Malta"
2018.75,16,"1","Malta"
2019,16,"1","Malta"
2019.25,16,"2","Malta"
2019.5,16,"2","Malta"
2009.25,17,"1","Slovakia"
2009.5,17,"1","Slovakia"
2009.75,17,"1","Slovakia"
2010,17,"1","Slovakia"
2010.25,17,"1","Slovakia"
2010.5,17,"1","Slovakia"
2010.75,17,"1","Slovakia"
2011,17,"1","Slovakia"
2011.25,17,"1","Slovakia"
2011.5,17,"1","Slovakia"
2011.75,17,"1","Slovakia"
2012,17,"1","Slovakia"
2012.25,17,"1","Slovakia"
2012.5,17,"1","Slovakia"
2012.75,17,"1","Slovakia"
2013,17,"1","Slovakia"
2013.25,17,"1","Slovakia"
2013.5,17,"1","Slovakia"
2013.75,17,"1","Slovakia"
2014,17,"1","Slovakia"
2014.25,17,"1","Slovakia"
2014.5,17,"1","Slovakia"
2014.75,17,"1","Slovakia"
2015,17,"1","Slovakia"
2015.25,17,"1","Slovakia"
2015.5,17,"1","Slovakia"
2015.75,17,"1","Slovakia"
2016,17,"1","Slovakia"
2016.25,17,"1","Slovakia"
2016.5,17,"1","Slovakia"
2016.75,17,"1","Slovakia"
2017,17,"1","Slovakia"
2017.25,17,"1","Slovakia"
2017.5,17,"1","Slovakia"
2017.75,17,"1","Slovakia"
2018,17,"1","Slovakia"
2018.25,17,"1","Slovakia"
2018.5,17,"1","Slovakia"
2018.75,17,"1","Slovakia"
2019,17,"1","Slovakia"
2019.25,17,"1","Slovakia"
2019.5,17,"1","Slovakia"
2011.25,18,"1","Estonia"
2011.5,18,"1","Estonia"
2011.75,18,"1","Estonia"
2012,18,"1","Estonia"
2012.25,18,"1","Estonia"
2012.5,18,"1","Estonia"
2012.75,18,"1","Estonia"
2013,18,"1","Estonia"
2013.25,18,"1","Estonia"
2013.5,18,"1","Estonia"
2013.75,18,"1","Estonia"
2014,18,"1","Estonia"
2014.25,18,"1","Estonia"
2014.5,18,"1","Estonia"
2014.75,18,"1","Estonia"
2015,18,"1","Estonia"
2015.25,18,"1","Estonia"
2015.5,18,"1","Estonia"
2015.75,18,"1","Estonia"
2016,18,"1","Estonia"
2016.25,18,"1","Estonia"
2016.5,18,"1","Estonia"
2016.75,18,"1","Estonia"
2017,18,"1","Estonia"
2017.25,18,"1","Estonia"
2017.5,18,"1","Estonia"
2017.75,18,"1","Estonia"
2018,18,"1","Estonia"
2018.25,18,"1","Estonia"
2018.5,18,"1","Estonia"
2018.75,18,"1","Estonia"
2019,18,"1","Estonia"
2019.25,18,"1","Estonia"
2019.5,18,"1","Estonia"
2014.25,19,"1","Latvia"
2014.5,19,"1","Latvia"
2014.75,19,"1","Latvia"
2015,19,"1","Latvia"
2015.25,19,"1","Latvia"
2015.5,19,"1","Latvia"
2015.75,19,"1","Latvia"
2016,19,"1","Latvia"
2016.25,19,"1","Latvia"
2016.5,19,"1","Latvia"
2016.75,19,"1","Latvia"
2017,19,"1","Latvia"
2017.25,19,"1","Latvia"
2017.5,19,"1","Latvia"
2017.75,19,"1","Latvia"
2018,19,"1","Latvia"
2018.25,19,"1","Latvia"
2018.5,19,"1","Latvia"
2018.75,19,"1","Latvia"
2019,19,"1","Latvia"
2019.25,19,"1","Latvia"
2019.5,19,"1","Latvia"
2015.25,20,"1","Lithuania"
2015.5,20,"1","Lithuania"
2015.75,20,"1","Lithuania"
2016,20,"1","Lithuania"
2016.25,20,"1","Lithuania"
2016.5,20,"1","Lithuania"
2016.75,20,"1","Lithuania"
2017,20,"1","Lithuania"
2017.25,20,"1","Lithuania"
2017.5,20,"1","Lithuania"
2017.75,20,"1","Lithuania"
2018,20,"1","Lithuania"
2018.25,20,"1","Lithuania"
2018.5,20,"1","Lithuania"
2018.75,20,"1","Lithuania"
2019,20,"1","Lithuania"
2019.25,20,"1","Lithuania"
2019.5,20,"1","Lithuania"
1999.25,1,"1","Euro area*"
1999.5,1,"1","Euro area*"
1999.75,1,"1","Euro area*"
2000,1,"1","Euro area*"
2000.25,1,"1","Euro area*"
2000.5,1,"1","Euro area*"
2000.75,1,"1","Euro area*"
2001,1,"1","Euro area*"
2001.25,1,"1","Euro area*"
2001.5,1,"1","Euro area*"
2001.75,1,"1","Euro area*"
2002,1,"1","Euro area*"
2002.25,1,"1","Euro area*"
2002.5,1,"1","Euro area*"
2002.75,1,"1","Euro area*"
2003,1,"1","Euro area*"
2003.25,1,"1","Euro area*"
2003.5,1,"1","Euro area*"
2003.75,1,"1","Euro area*"
2004,1,"1","Euro area*"
2004.25,1,"1","Euro area*"
2004.5,1,"1","Euro area*"
2004.75,1,"1","Euro area*"
2005,1,"1","Euro area*"
2005.25,1,"1","Euro area*"
2005.5,1,"1","Euro area*"
2005.75,1,"1","Euro area*"
2006,1,"1","Euro area*"
2006.25,1,"1","Euro area*"
2006.5,1,"1","Euro area*"
2006.75,1,"1","Euro area*"
2007,1,"1","Euro area*"
2007.25,1,"1","Euro area*"
2007.5,1,"1","Euro area*"
2007.75,1,"1","Euro area*"
2008,1,"1","Euro area*"
2008.25,1,"1","Euro area*"
2008.5,1,"2","Euro area*"
2008.75,1,"2","Euro area*"
2009,1,"2","Euro area*"
2009.25,1,"2","Euro area*"
2009.5,1,"2","Euro area*"
2009.75,1,"1","Euro area*"
2010,1,"1","Euro area*"
2010.25,1,"1","Euro area*"
2010.5,1,"1","Euro area*"
2010.75,1,"1","Euro area*"
2011,1,"1","Euro area*"
2011.25,1,"1","Euro area*"
2011.5,1,"2","Euro area*"
2011.75,1,"2","Euro area*"
2012,1,"2","Euro area*"
2012.25,1,"2","Euro area*"
2012.5,1,"2","Euro area*"
2012.75,1,"2","Euro area*"
2013,1,"2","Euro area*"
2013.25,1,"1","Euro area*"
2013.5,1,"1","Euro area*"
2013.75,1,"1","Euro area*"
2014,1,"1","Euro area*"
2014.25,1,"1","Euro area*"
2014.5,1,"1","Euro area*"
2014.75,1,"1","Euro area*"
2015,1,"1","Euro area*"
2015.25,1,"1","Euro area*"
2015.5,1,"1","Euro area*"
2015.75,1,"1","Euro area*"
2016,1,"1","Euro area*"
2016.25,1,"1","Euro area*"
2016.5,1,"1","Euro area*"
2016.75,1,"1","Euro area*"
2017,1,"1","Euro area*"
2017.25,1,"1","Euro area*"
2017.5,1,"1","Euro area*"
2017.75,1,"1","Euro area*"
2018,1,"1","Euro area*"
2018.25,1,"1","Euro area*"
2018.5,1,"1","Euro area*"
2018.75,1,"1","Euro area*"
2019,1,"1","Euro area*"
2019.25,1,"1","Euro area*"
2019.5,1,"1","Euro area*"
